date,product_id,stock_quantity,units_sold,is_promotion,weekday,season,product_name,category,price,initial_stock
2025-01-22,1,75,9,0,Wednesday,Hiver,Economy,Sport,142.77,84
2025-01-22,2,196,1,0,Wednesday,Hiver,Small,Beauté,198.07,197
2025-01-22,3,64,0,0,Wednesday,Hiver,Tonight,Électronique,183.42,64
2025-01-22,4,24,4,0,Wednesday,Hiver,Score,Vêtements,499.85,28
2025-01-22,5,152,7,0,Wednesday,Hiver,Act,Beauté,391.3,159
2025-01-22,6,95,8,0,Wednesday,Hiver,Stage,Vêtements,464.06,103
2025-01-22,7,69,5,0,Wednesday,Hiver,Stage,Vêtements,109.91,74
2025-01-22,8,125,9,0,Wednesday,Hiver,Suggest,Vêtements,121.24,134
2025-01-22,9,31,1,0,Wednesday,Hiver,Son,Beauté,353.88,32
2025-01-22,10,163,4,0,Wednesday,Hiver,Customer,Sport,41.2,167
2025-01-22,11,167,5,0,Wednesday,Hiver,Left,Beauté,448.57,172
2025-01-22,12,44,5,1,Wednesday,Hiver,Fast,Vêtements,334.71,49
2025-01-22,13,102,10,0,Wednesday,Hiver,Two,Vêtements,251.8,112
2025-01-22,14,115,4,0,Wednesday,Hiver,Recognize,Vêtements,363.74,119
2025-01-22,15,46,2,1,Wednesday,Hiver,In,Beauté,186.48,48
2025-01-22,16,181,8,1,Wednesday,Hiver,Step,Sport,420.68,189
2025-01-22,17,187,9,0,Wednesday,Hiver,Phone,Alimentation,462.12,196
2025-01-22,18,154,9,0,Wednesday,Hiver,Hard,Vêtements,331.42,163
2025-01-22,19,124,4,0,Wednesday,Hiver,What,Alimentation,291.29,128
2025-01-22,20,113,7,0,Wednesday,Hiver,After,Sport,171.21,120
2025-01-22,21,167,10,0,Wednesday,Hiver,Have,Électronique,361.97,177
2025-01-22,22,146,6,0,Wednesday,Hiver,Same,Vêtements,115.09,152
2025-01-22,23,85,2,0,Wednesday,Hiver,Successful,Beauté,111.55,87
2025-01-22,24,155,0,0,Wednesday,Hiver,Hold,Beauté,203.14,155
2025-01-22,25,95,10,0,Wednesday,Hiver,Stay,Vêtements,154.6,105
2025-01-22,26,146,2,0,Wednesday,Hiver,Young,Beauté,155.97,148
2025-01-22,27,81,0,0,Wednesday,Hiver,Long,Beauté,249.64,81
2025-01-22,28,173,3,0,Wednesday,Hiver,Out,Beauté,262.6,176
2025-01-22,29,62,0,0,Wednesday,Hiver,Political,Alimentation,91.98,62
2025-01-22,30,21,10,0,Wednesday,Hiver,Federal,Vêtements,416.83,31
2025-01-22,31,78,1,0,Wednesday,Hiver,Though,Beauté,115.48,79
2025-01-22,32,113,8,0,Wednesday,Hiver,Eight,Beauté,320.55,121
2025-01-22,33,98,1,0,Wednesday,Hiver,Different,Électronique,156.47,99
2025-01-22,34,116,10,0,Wednesday,Hiver,Use,Vêtements,444.89,126
2025-01-22,35,17,4,0,Wednesday,Hiver,Drug,Alimentation,42.53,21
2025-01-22,36,161,5,0,Wednesday,Hiver,Bar,Électronique,482.09,166
2025-01-22,37,119,6,0,Wednesday,Hiver,Though,Beauté,29.62,125
2025-01-22,38,160,10,0,Wednesday,Hiver,Apply,Alimentation,158.5,170
2025-01-22,39,35,8,0,Wednesday,Hiver,When,Alimentation,363.57,43
2025-01-22,40,136,6,0,Wednesday,Hiver,Different,Alimentation,363.73,142
2025-01-22,41,13,8,0,Wednesday,Hiver,Strategy,Sport,374.24,21
2025-01-22,42,49,9,0,Wednesday,Hiver,Record,Vêtements,337.17,58
2025-01-22,43,68,7,0,Wednesday,Hiver,Church,Électronique,340.26,75
2025-01-22,44,112,3,0,Wednesday,Hiver,All,Vêtements,391.94,115
2025-01-22,45,181,8,0,Wednesday,Hiver,Stop,Vêtements,415.86,189
2025-01-22,46,187,0,0,Wednesday,Hiver,Second,Vêtements,177.42,187
2025-01-22,47,97,7,0,Wednesday,Hiver,Across,Alimentation,466.85,104
2025-01-22,48,133,7,1,Wednesday,Hiver,Benefit,Sport,220.05,140
2025-01-22,49,41,8,0,Wednesday,Hiver,Box,Électronique,439.84,49
2025-01-22,50,169,5,1,Wednesday,Hiver,Difference,Vêtements,464.85,174
2025-01-23,1,66,9,0,Thursday,Hiver,Economy,Sport,142.77,84
2025-01-23,2,195,1,0,Thursday,Hiver,Small,Beauté,198.07,197
2025-01-23,3,57,7,0,Thursday,Hiver,Tonight,Électronique,183.42,64
2025-01-23,4,23,1,0,Thursday,Hiver,Score,Vêtements,499.85,28
2025-01-23,5,146,6,0,Thursday,Hiver,Act,Beauté,391.3,159
2025-01-23,6,92,3,0,Thursday,Hiver,Stage,Vêtements,464.06,103
2025-01-23,7,67,2,0,Thursday,Hiver,Stage,Vêtements,109.91,74
2025-01-23,8,118,7,0,Thursday,Hiver,Suggest,Vêtements,121.24,134
2025-01-23,9,21,10,0,Thursday,Hiver,Son,Beauté,353.88,32
2025-01-23,10,155,8,0,Thursday,Hiver,Customer,Sport,41.2,167
2025-01-23,11,165,2,1,Thursday,Hiver,Left,Beauté,448.57,172
2025-01-23,12,39,5,0,Thursday,Hiver,Fast,Vêtements,334.71,49
2025-01-23,13,98,4,0,Thursday,Hiver,Two,Vêtements,251.8,112
2025-01-23,14,106,9,1,Thursday,Hiver,Recognize,Vêtements,363.74,119
2025-01-23,15,43,3,0,Thursday,Hiver,In,Beauté,186.48,48
2025-01-23,16,175,6,0,Thursday,Hiver,Step,Sport,420.68,189
2025-01-23,17,180,7,0,Thursday,Hiver,Phone,Alimentation,462.12,196
2025-01-23,18,146,8,0,Thursday,Hiver,Hard,Vêtements,331.42,163
2025-01-23,19,123,1,0,Thursday,Hiver,What,Alimentation,291.29,128
2025-01-23,20,106,7,0,Thursday,Hiver,After,Sport,171.21,120
2025-01-23,21,158,9,0,Thursday,Hiver,Have,Électronique,361.97,177
2025-01-23,22,140,6,0,Thursday,Hiver,Same,Vêtements,115.09,152
2025-01-23,23,76,9,0,Thursday,Hiver,Successful,Beauté,111.55,87
2025-01-23,24,148,7,0,Thursday,Hiver,Hold,Beauté,203.14,155
2025-01-23,25,93,2,0,Thursday,Hiver,Stay,Vêtements,154.6,105
2025-01-23,26,138,8,0,Thursday,Hiver,Young,Beauté,155.97,148
2025-01-23,27,75,6,0,Thursday,Hiver,Long,Beauté,249.64,81
2025-01-23,28,171,2,0,Thursday,Hiver,Out,Beauté,262.6,176
2025-01-23,29,52,10,0,Thursday,Hiver,Political,Alimentation,91.98,62
2025-01-23,30,20,1,0,Thursday,Hiver,Federal,Vêtements,416.83,31
2025-01-23,31,75,3,0,Thursday,Hiver,Though,Beauté,115.48,79
2025-01-23,32,113,0,0,Thursday,Hiver,Eight,Beauté,320.55,121
2025-01-23,33,91,7,0,Thursday,Hiver,Different,Électronique,156.47,99
2025-01-23,34,113,3,0,Thursday,Hiver,Use,Vêtements,444.89,126
2025-01-23,35,15,2,0,Thursday,Hiver,Drug,Alimentation,42.53,21
2025-01-23,36,151,10,0,Thursday,Hiver,Bar,Électronique,482.09,166
2025-01-23,37,112,7,1,Thursday,Hiver,Though,Beauté,29.62,125
2025-01-23,38,156,4,0,Thursday,Hiver,Apply,Alimentation,158.5,170
2025-01-23,39,30,5,0,Thursday,Hiver,When,Alimentation,363.57,43
2025-01-23,40,135,1,0,Thursday,Hiver,Different,Alimentation,363.73,142
2025-01-23,41,6,7,0,Thursday,Hiver,Strategy,Sport,374.24,21
2025-01-23,42,47,2,0,Thursday,Hiver,Record,Vêtements,337.17,58
2025-01-23,43,64,4,0,Thursday,Hiver,Church,Électronique,340.26,75
2025-01-23,44,107,5,0,Thursday,Hiver,All,Vêtements,391.94,115
2025-01-23,45,180,1,0,Thursday,Hiver,Stop,Vêtements,415.86,189
2025-01-23,46,179,8,1,Thursday,Hiver,Second,Vêtements,177.42,187
2025-01-23,47,87,10,0,Thursday,Hiver,Across,Alimentation,466.85,104
2025-01-23,48,123,10,0,Thursday,Hiver,Benefit,Sport,220.05,140
2025-01-23,49,40,1,0,Thursday,Hiver,Box,Électronique,439.84,49
2025-01-23,50,164,5,0,Thursday,Hiver,Difference,Vêtements,464.85,174
2025-01-24,1,64,2,0,Friday,Hiver,Economy,Sport,142.77,84
2025-01-24,2,186,9,0,Friday,Hiver,Small,Beauté,198.07,197
2025-01-24,3,57,0,0,Friday,Hiver,Tonight,Électronique,183.42,64
2025-01-24,4,15,8,1,Friday,Hiver,Score,Vêtements,499.85,28
2025-01-24,5,140,6,1,Friday,Hiver,Act,Beauté,391.3,159
2025-01-24,6,85,7,0,Friday,Hiver,Stage,Vêtements,464.06,103
2025-01-24,7,59,8,0,Friday,Hiver,Stage,Vêtements,109.91,74
2025-01-24,8,110,8,0,Friday,Hiver,Suggest,Vêtements,121.24,134
2025-01-24,9,21,0,0,Friday,Hiver,Son,Beauté,353.88,32
2025-01-24,10,150,5,0,Friday,Hiver,Customer,Sport,41.2,167
2025-01-24,11,155,10,0,Friday,Hiver,Left,Beauté,448.57,172
2025-01-24,12,36,3,0,Friday,Hiver,Fast,Vêtements,334.71,49
2025-01-24,13,98,0,0,Friday,Hiver,Two,Vêtements,251.8,112
2025-01-24,14,105,1,0,Friday,Hiver,Recognize,Vêtements,363.74,119
2025-01-24,15,34,9,0,Friday,Hiver,In,Beauté,186.48,48
2025-01-24,16,174,1,0,Friday,Hiver,Step,Sport,420.68,189
2025-01-24,17,175,5,0,Friday,Hiver,Phone,Alimentation,462.12,196
2025-01-24,18,139,7,0,Friday,Hiver,Hard,Vêtements,331.42,163
2025-01-24,19,115,8,0,Friday,Hiver,What,Alimentation,291.29,128
2025-01-24,20,106,0,0,Friday,Hiver,After,Sport,171.21,120
2025-01-24,21,152,6,0,Friday,Hiver,Have,Électronique,361.97,177
2025-01-24,22,135,5,0,Friday,Hiver,Same,Vêtements,115.09,152
2025-01-24,23,72,4,0,Friday,Hiver,Successful,Beauté,111.55,87
2025-01-24,24,138,10,0,Friday,Hiver,Hold,Beauté,203.14,155
2025-01-24,25,86,7,0,Friday,Hiver,Stay,Vêtements,154.6,105
2025-01-24,26,133,5,0,Friday,Hiver,Young,Beauté,155.97,148
2025-01-24,27,69,6,0,Friday,Hiver,Long,Beauté,249.64,81
2025-01-24,28,170,1,0,Friday,Hiver,Out,Beauté,262.6,176
2025-01-24,29,43,9,0,Friday,Hiver,Political,Alimentation,91.98,62
2025-01-24,30,10,10,0,Friday,Hiver,Federal,Vêtements,416.83,31
2025-01-24,31,73,2,0,Friday,Hiver,Though,Beauté,115.48,79
2025-01-24,32,104,9,0,Friday,Hiver,Eight,Beauté,320.55,121
2025-01-24,33,89,2,0,Friday,Hiver,Different,Électronique,156.47,99
2025-01-24,34,106,7,0,Friday,Hiver,Use,Vêtements,444.89,126
2025-01-24,35,6,9,0,Friday,Hiver,Drug,Alimentation,42.53,21
2025-01-24,36,151,0,0,Friday,Hiver,Bar,Électronique,482.09,166
2025-01-24,37,106,6,1,Friday,Hiver,Though,Beauté,29.62,125
2025-01-24,38,147,9,0,Friday,Hiver,Apply,Alimentation,158.5,170
2025-01-24,39,26,4,0,Friday,Hiver,When,Alimentation,363.57,43
2025-01-24,40,127,8,0,Friday,Hiver,Different,Alimentation,363.73,142
2025-01-24,41,4,2,0,Friday,Hiver,Strategy,Sport,374.24,21
2025-01-24,42,45,2,0,Friday,Hiver,Record,Vêtements,337.17,58
2025-01-24,43,59,5,0,Friday,Hiver,Church,Électronique,340.26,75
2025-01-24,44,106,1,0,Friday,Hiver,All,Vêtements,391.94,115
2025-01-24,45,172,8,0,Friday,Hiver,Stop,Vêtements,415.86,189
2025-01-24,46,169,10,0,Friday,Hiver,Second,Vêtements,177.42,187
2025-01-24,47,83,4,0,Friday,Hiver,Across,Alimentation,466.85,104
2025-01-24,48,122,1,0,Friday,Hiver,Benefit,Sport,220.05,140
2025-01-24,49,32,8,0,Friday,Hiver,Box,Électronique,439.84,49
2025-01-24,50,163,1,0,Friday,Hiver,Difference,Vêtements,464.85,174
2025-01-25,1,54,10,0,Saturday,Hiver,Economy,Sport,142.77,84
2025-01-25,2,185,1,0,Saturday,Hiver,Small,Beauté,198.07,197
2025-01-25,3,56,1,1,Saturday,Hiver,Tonight,Électronique,183.42,64
2025-01-25,4,6,9,0,Saturday,Hiver,Score,Vêtements,499.85,28
2025-01-25,5,132,8,0,Saturday,Hiver,Act,Beauté,391.3,159
2025-01-25,6,79,6,0,Saturday,Hiver,Stage,Vêtements,464.06,103
2025-01-25,7,58,1,0,Saturday,Hiver,Stage,Vêtements,109.91,74
2025-01-25,8,103,7,0,Saturday,Hiver,Suggest,Vêtements,121.24,134
2025-01-25,9,14,7,0,Saturday,Hiver,Son,Beauté,353.88,32
2025-01-25,10,143,7,0,Saturday,Hiver,Customer,Sport,41.2,167
2025-01-25,11,152,3,0,Saturday,Hiver,Left,Beauté,448.57,172
2025-01-25,12,27,9,0,Saturday,Hiver,Fast,Vêtements,334.71,49
2025-01-25,13,93,5,0,Saturday,Hiver,Two,Vêtements,251.8,112
2025-01-25,14,96,9,0,Saturday,Hiver,Recognize,Vêtements,363.74,119
2025-01-25,15,33,1,0,Saturday,Hiver,In,Beauté,186.48,48
2025-01-25,16,173,1,0,Saturday,Hiver,Step,Sport,420.68,189
2025-01-25,17,167,8,0,Saturday,Hiver,Phone,Alimentation,462.12,196
2025-01-25,18,131,8,0,Saturday,Hiver,Hard,Vêtements,331.42,163
2025-01-25,19,106,9,0,Saturday,Hiver,What,Alimentation,291.29,128
2025-01-25,20,99,7,0,Saturday,Hiver,After,Sport,171.21,120
2025-01-25,21,148,4,0,Saturday,Hiver,Have,Électronique,361.97,177
2025-01-25,22,130,5,0,Saturday,Hiver,Same,Vêtements,115.09,152
2025-01-25,23,68,4,1,Saturday,Hiver,Successful,Beauté,111.55,87
2025-01-25,24,128,10,1,Saturday,Hiver,Hold,Beauté,203.14,155
2025-01-25,25,77,9,0,Saturday,Hiver,Stay,Vêtements,154.6,105
2025-01-25,26,124,9,0,Saturday,Hiver,Young,Beauté,155.97,148
2025-01-25,27,66,3,0,Saturday,Hiver,Long,Beauté,249.64,81
2025-01-25,28,167,3,0,Saturday,Hiver,Out,Beauté,262.6,176
2025-01-25,29,33,10,0,Saturday,Hiver,Political,Alimentation,91.98,62
2025-01-25,30,3,7,0,Saturday,Hiver,Federal,Vêtements,416.83,31
2025-01-25,31,69,4,0,Saturday,Hiver,Though,Beauté,115.48,79
2025-01-25,32,94,10,0,Saturday,Hiver,Eight,Beauté,320.55,121
2025-01-25,33,85,4,0,Saturday,Hiver,Different,Électronique,156.47,99
2025-01-25,34,103,3,1,Saturday,Hiver,Use,Vêtements,444.89,126
2025-01-25,35,1,5,0,Saturday,Hiver,Drug,Alimentation,42.53,21
2025-01-25,36,149,2,0,Saturday,Hiver,Bar,Électronique,482.09,166
2025-01-25,37,100,6,1,Saturday,Hiver,Though,Beauté,29.62,125
2025-01-25,38,143,4,0,Saturday,Hiver,Apply,Alimentation,158.5,170
2025-01-25,39,21,5,0,Saturday,Hiver,When,Alimentation,363.57,43
2025-01-25,40,123,4,0,Saturday,Hiver,Different,Alimentation,363.73,142
2025-01-25,41,2,2,0,Saturday,Hiver,Strategy,Sport,374.24,21
2025-01-25,42,40,5,0,Saturday,Hiver,Record,Vêtements,337.17,58
2025-01-25,43,55,4,0,Saturday,Hiver,Church,Électronique,340.26,75
2025-01-25,44,101,5,0,Saturday,Hiver,All,Vêtements,391.94,115
2025-01-25,45,163,9,0,Saturday,Hiver,Stop,Vêtements,415.86,189
2025-01-25,46,167,2,0,Saturday,Hiver,Second,Vêtements,177.42,187
2025-01-25,47,80,3,0,Saturday,Hiver,Across,Alimentation,466.85,104
2025-01-25,48,122,0,0,Saturday,Hiver,Benefit,Sport,220.05,140
2025-01-25,49,30,2,0,Saturday,Hiver,Box,Électronique,439.84,49
2025-01-25,50,153,10,0,Saturday,Hiver,Difference,Vêtements,464.85,174
2025-01-26,1,47,7,0,Sunday,Hiver,Economy,Sport,142.77,84
2025-01-26,2,182,3,0,Sunday,Hiver,Small,Beauté,198.07,197
2025-01-26,3,55,1,0,Sunday,Hiver,Tonight,Électronique,183.42,64
2025-01-26,4,0,7,0,Sunday,Hiver,Score,Vêtements,499.85,28
2025-01-26,5,128,4,0,Sunday,Hiver,Act,Beauté,391.3,159
2025-01-26,6,75,4,0,Sunday,Hiver,Stage,Vêtements,464.06,103
2025-01-26,7,49,9,0,Sunday,Hiver,Stage,Vêtements,109.91,74
2025-01-26,8,94,9,0,Sunday,Hiver,Suggest,Vêtements,121.24,134
2025-01-26,9,10,4,1,Sunday,Hiver,Son,Beauté,353.88,32
2025-01-26,10,136,7,0,Sunday,Hiver,Customer,Sport,41.2,167
2025-01-26,11,146,6,0,Sunday,Hiver,Left,Beauté,448.57,172
2025-01-26,12,24,3,0,Sunday,Hiver,Fast,Vêtements,334.71,49
2025-01-26,13,93,0,0,Sunday,Hiver,Two,Vêtements,251.8,112
2025-01-26,14,95,1,0,Sunday,Hiver,Recognize,Vêtements,363.74,119
2025-01-26,15,30,3,0,Sunday,Hiver,In,Beauté,186.48,48
2025-01-26,16,166,7,0,Sunday,Hiver,Step,Sport,420.68,189
2025-01-26,17,164,3,0,Sunday,Hiver,Phone,Alimentation,462.12,196
2025-01-26,18,125,6,0,Sunday,Hiver,Hard,Vêtements,331.42,163
2025-01-26,19,104,2,0,Sunday,Hiver,What,Alimentation,291.29,128
2025-01-26,20,95,4,0,Sunday,Hiver,After,Sport,171.21,120
2025-01-26,21,147,1,0,Sunday,Hiver,Have,Électronique,361.97,177
2025-01-26,22,128,2,0,Sunday,Hiver,Same,Vêtements,115.09,152
2025-01-26,23,67,1,0,Sunday,Hiver,Successful,Beauté,111.55,87
2025-01-26,24,127,1,0,Sunday,Hiver,Hold,Beauté,203.14,155
2025-01-26,25,72,5,0,Sunday,Hiver,Stay,Vêtements,154.6,105
2025-01-26,26,121,3,0,Sunday,Hiver,Young,Beauté,155.97,148
2025-01-26,27,64,2,0,Sunday,Hiver,Long,Beauté,249.64,81
2025-01-26,28,167,0,0,Sunday,Hiver,Out,Beauté,262.6,176
2025-01-26,29,28,5,0,Sunday,Hiver,Political,Alimentation,91.98,62
2025-01-26,30,0,10,0,Sunday,Hiver,Federal,Vêtements,416.83,31
2025-01-26,31,67,2,0,Sunday,Hiver,Though,Beauté,115.48,79
2025-01-26,32,86,8,0,Sunday,Hiver,Eight,Beauté,320.55,121
2025-01-26,33,78,7,0,Sunday,Hiver,Different,Électronique,156.47,99
2025-01-26,34,97,6,0,Sunday,Hiver,Use,Vêtements,444.89,126
2025-01-26,35,0,1,0,Sunday,Hiver,Drug,Alimentation,42.53,21
2025-01-26,36,141,8,0,Sunday,Hiver,Bar,Électronique,482.09,166
2025-01-26,37,92,8,0,Sunday,Hiver,Though,Beauté,29.62,125
2025-01-26,38,133,10,0,Sunday,Hiver,Apply,Alimentation,158.5,170
2025-01-26,39,17,4,0,Sunday,Hiver,When,Alimentation,363.57,43
2025-01-26,40,115,8,0,Sunday,Hiver,Different,Alimentation,363.73,142
2025-01-26,41,0,9,0,Sunday,Hiver,Strategy,Sport,374.24,21
2025-01-26,42,34,6,0,Sunday,Hiver,Record,Vêtements,337.17,58
2025-01-26,43,54,1,0,Sunday,Hiver,Church,Électronique,340.26,75
2025-01-26,44,99,2,0,Sunday,Hiver,All,Vêtements,391.94,115
2025-01-26,45,154,9,0,Sunday,Hiver,Stop,Vêtements,415.86,189
2025-01-26,46,165,2,1,Sunday,Hiver,Second,Vêtements,177.42,187
2025-01-26,47,79,1,0,Sunday,Hiver,Across,Alimentation,466.85,104
2025-01-26,48,119,3,0,Sunday,Hiver,Benefit,Sport,220.05,140
2025-01-26,49,21,9,0,Sunday,Hiver,Box,Électronique,439.84,49
2025-01-26,50,153,0,0,Sunday,Hiver,Difference,Vêtements,464.85,174
2025-01-27,1,42,5,0,Monday,Hiver,Economy,Sport,142.77,84
2025-01-27,2,180,2,0,Monday,Hiver,Small,Beauté,198.07,197
2025-01-27,3,45,10,1,Monday,Hiver,Tonight,Électronique,183.42,64
2025-01-27,4,0,5,0,Monday,Hiver,Score,Vêtements,499.85,28
2025-01-27,5,126,2,0,Monday,Hiver,Act,Beauté,391.3,159
2025-01-27,6,66,9,0,Monday,Hiver,Stage,Vêtements,464.06,103
2025-01-27,7,44,5,0,Monday,Hiver,Stage,Vêtements,109.91,74
2025-01-27,8,86,8,0,Monday,Hiver,Suggest,Vêtements,121.24,134
2025-01-27,9,3,7,0,Monday,Hiver,Son,Beauté,353.88,32
2025-01-27,10,132,4,0,Monday,Hiver,Customer,Sport,41.2,167
2025-01-27,11,144,2,0,Monday,Hiver,Left,Beauté,448.57,172
2025-01-27,12,21,3,0,Monday,Hiver,Fast,Vêtements,334.71,49
2025-01-27,13,93,0,0,Monday,Hiver,Two,Vêtements,251.8,112
2025-01-27,14,93,2,0,Monday,Hiver,Recognize,Vêtements,363.74,119
2025-01-27,15,27,3,0,Monday,Hiver,In,Beauté,186.48,48
2025-01-27,16,159,7,0,Monday,Hiver,Step,Sport,420.68,189
2025-01-27,17,162,2,0,Monday,Hiver,Phone,Alimentation,462.12,196
2025-01-27,18,117,8,0,Monday,Hiver,Hard,Vêtements,331.42,163
2025-01-27,19,96,8,0,Monday,Hiver,What,Alimentation,291.29,128
2025-01-27,20,95,0,0,Monday,Hiver,After,Sport,171.21,120
2025-01-27,21,141,6,0,Monday,Hiver,Have,Électronique,361.97,177
2025-01-27,22,123,5,0,Monday,Hiver,Same,Vêtements,115.09,152
2025-01-27,23,61,6,1,Monday,Hiver,Successful,Beauté,111.55,87
2025-01-27,24,125,2,0,Monday,Hiver,Hold,Beauté,203.14,155
2025-01-27,25,65,7,0,Monday,Hiver,Stay,Vêtements,154.6,105
2025-01-27,26,113,8,0,Monday,Hiver,Young,Beauté,155.97,148
2025-01-27,27,62,2,0,Monday,Hiver,Long,Beauté,249.64,81
2025-01-27,28,166,1,0,Monday,Hiver,Out,Beauté,262.6,176
2025-01-27,29,18,10,0,Monday,Hiver,Political,Alimentation,91.98,62
2025-01-27,30,0,6,0,Monday,Hiver,Federal,Vêtements,416.83,31
2025-01-27,31,67,0,0,Monday,Hiver,Though,Beauté,115.48,79
2025-01-27,32,86,0,0,Monday,Hiver,Eight,Beauté,320.55,121
2025-01-27,33,77,1,0,Monday,Hiver,Different,Électronique,156.47,99
2025-01-27,34,91,6,0,Monday,Hiver,Use,Vêtements,444.89,126
2025-01-27,35,0,5,0,Monday,Hiver,Drug,Alimentation,42.53,21
2025-01-27,36,137,4,0,Monday,Hiver,Bar,Électronique,482.09,166
2025-01-27,37,84,8,0,Monday,Hiver,Though,Beauté,29.62,125
2025-01-27,38,128,5,0,Monday,Hiver,Apply,Alimentation,158.5,170
2025-01-27,39,12,5,0,Monday,Hiver,When,Alimentation,363.57,43
2025-01-27,40,106,9,0,Monday,Hiver,Different,Alimentation,363.73,142
2025-01-27,41,0,4,0,Monday,Hiver,Strategy,Sport,374.24,21
2025-01-27,42,29,5,0,Monday,Hiver,Record,Vêtements,337.17,58
2025-01-27,43,52,2,0,Monday,Hiver,Church,Électronique,340.26,75
2025-01-27,44,97,2,0,Monday,Hiver,All,Vêtements,391.94,115
2025-01-27,45,147,7,0,Monday,Hiver,Stop,Vêtements,415.86,189
2025-01-27,46,160,5,0,Monday,Hiver,Second,Vêtements,177.42,187
2025-01-27,47,77,2,0,Monday,Hiver,Across,Alimentation,466.85,104
2025-01-27,48,117,2,0,Monday,Hiver,Benefit,Sport,220.05,140
2025-01-27,49,18,3,0,Monday,Hiver,Box,Électronique,439.84,49
2025-01-27,50,150,3,0,Monday,Hiver,Difference,Vêtements,464.85,174
2025-01-28,1,42,0,0,Tuesday,Hiver,Economy,Sport,142.77,84
2025-01-28,2,170,10,0,Tuesday,Hiver,Small,Beauté,198.07,197
2025-01-28,3,39,6,0,Tuesday,Hiver,Tonight,Électronique,183.42,64
2025-01-28,4,0,9,1,Tuesday,Hiver,Score,Vêtements,499.85,28
2025-01-28,5,119,7,0,Tuesday,Hiver,Act,Beauté,391.3,159
2025-01-28,6,57,9,0,Tuesday,Hiver,Stage,Vêtements,464.06,103
2025-01-28,7,37,7,0,Tuesday,Hiver,Stage,Vêtements,109.91,74
2025-01-28,8,83,3,1,Tuesday,Hiver,Suggest,Vêtements,121.24,134
2025-01-28,9,0,6,0,Tuesday,Hiver,Son,Beauté,353.88,32
2025-01-28,10,126,6,0,Tuesday,Hiver,Customer,Sport,41.2,167
2025-01-28,11,143,1,0,Tuesday,Hiver,Left,Beauté,448.57,172
2025-01-28,12,20,1,0,Tuesday,Hiver,Fast,Vêtements,334.71,49
2025-01-28,13,87,6,0,Tuesday,Hiver,Two,Vêtements,251.8,112
2025-01-28,14,84,9,1,Tuesday,Hiver,Recognize,Vêtements,363.74,119
2025-01-28,15,19,8,0,Tuesday,Hiver,In,Beauté,186.48,48
2025-01-28,16,154,5,0,Tuesday,Hiver,Step,Sport,420.68,189
2025-01-28,17,162,0,0,Tuesday,Hiver,Phone,Alimentation,462.12,196
2025-01-28,18,114,3,0,Tuesday,Hiver,Hard,Vêtements,331.42,163
2025-01-28,19,90,6,0,Tuesday,Hiver,What,Alimentation,291.29,128
2025-01-28,20,90,5,1,Tuesday,Hiver,After,Sport,171.21,120
2025-01-28,21,141,0,0,Tuesday,Hiver,Have,Électronique,361.97,177
2025-01-28,22,120,3,0,Tuesday,Hiver,Same,Vêtements,115.09,152
2025-01-28,23,51,10,0,Tuesday,Hiver,Successful,Beauté,111.55,87
2025-01-28,24,121,4,0,Tuesday,Hiver,Hold,Beauté,203.14,155
2025-01-28,25,64,1,1,Tuesday,Hiver,Stay,Vêtements,154.6,105
2025-01-28,26,109,4,1,Tuesday,Hiver,Young,Beauté,155.97,148
2025-01-28,27,56,6,0,Tuesday,Hiver,Long,Beauté,249.64,81
2025-01-28,28,158,8,0,Tuesday,Hiver,Out,Beauté,262.6,176
2025-01-28,29,12,6,0,Tuesday,Hiver,Political,Alimentation,91.98,62
2025-01-28,30,0,9,0,Tuesday,Hiver,Federal,Vêtements,416.83,31
2025-01-28,31,57,10,0,Tuesday,Hiver,Though,Beauté,115.48,79
2025-01-28,32,86,0,0,Tuesday,Hiver,Eight,Beauté,320.55,121
2025-01-28,33,71,6,0,Tuesday,Hiver,Different,Électronique,156.47,99
2025-01-28,34,86,5,0,Tuesday,Hiver,Use,Vêtements,444.89,126
2025-01-28,35,0,6,0,Tuesday,Hiver,Drug,Alimentation,42.53,21
2025-01-28,36,128,9,0,Tuesday,Hiver,Bar,Électronique,482.09,166
2025-01-28,37,74,10,0,Tuesday,Hiver,Though,Beauté,29.62,125
2025-01-28,38,122,6,0,Tuesday,Hiver,Apply,Alimentation,158.5,170
2025-01-28,39,6,6,0,Tuesday,Hiver,When,Alimentation,363.57,43
2025-01-28,40,106,0,1,Tuesday,Hiver,Different,Alimentation,363.73,142
2025-01-28,41,0,9,0,Tuesday,Hiver,Strategy,Sport,374.24,21
2025-01-28,42,28,1,0,Tuesday,Hiver,Record,Vêtements,337.17,58
2025-01-28,43,42,10,0,Tuesday,Hiver,Church,Électronique,340.26,75
2025-01-28,44,95,2,1,Tuesday,Hiver,All,Vêtements,391.94,115
2025-01-28,45,139,8,0,Tuesday,Hiver,Stop,Vêtements,415.86,189
2025-01-28,46,155,5,0,Tuesday,Hiver,Second,Vêtements,177.42,187
2025-01-28,47,75,2,0,Tuesday,Hiver,Across,Alimentation,466.85,104
2025-01-28,48,109,8,0,Tuesday,Hiver,Benefit,Sport,220.05,140
2025-01-28,49,8,10,0,Tuesday,Hiver,Box,Électronique,439.84,49
2025-01-28,50,142,8,0,Tuesday,Hiver,Difference,Vêtements,464.85,174
2025-01-29,1,36,6,0,Wednesday,Hiver,Economy,Sport,142.77,84
2025-01-29,2,166,4,0,Wednesday,Hiver,Small,Beauté,198.07,197
2025-01-29,3,34,5,0,Wednesday,Hiver,Tonight,Électronique,183.42,64
2025-01-29,4,0,6,0,Wednesday,Hiver,Score,Vêtements,499.85,28
2025-01-29,5,119,0,0,Wednesday,Hiver,Act,Beauté,391.3,159
2025-01-29,6,55,2,0,Wednesday,Hiver,Stage,Vêtements,464.06,103
2025-01-29,7,34,3,0,Wednesday,Hiver,Stage,Vêtements,109.91,74
2025-01-29,8,82,1,0,Wednesday,Hiver,Suggest,Vêtements,121.24,134
2025-01-29,9,0,5,0,Wednesday,Hiver,Son,Beauté,353.88,32
2025-01-29,10,124,2,0,Wednesday,Hiver,Customer,Sport,41.2,167
2025-01-29,11,138,5,0,Wednesday,Hiver,Left,Beauté,448.57,172
2025-01-29,12,10,10,0,Wednesday,Hiver,Fast,Vêtements,334.71,49
2025-01-29,13,86,1,0,Wednesday,Hiver,Two,Vêtements,251.8,112
2025-01-29,14,82,2,0,Wednesday,Hiver,Recognize,Vêtements,363.74,119
2025-01-29,15,15,4,0,Wednesday,Hiver,In,Beauté,186.48,48
2025-01-29,16,146,8,1,Wednesday,Hiver,Step,Sport,420.68,189
2025-01-29,17,153,9,0,Wednesday,Hiver,Phone,Alimentation,462.12,196
2025-01-29,18,107,7,0,Wednesday,Hiver,Hard,Vêtements,331.42,163
2025-01-29,19,80,10,0,Wednesday,Hiver,What,Alimentation,291.29,128
2025-01-29,20,89,1,0,Wednesday,Hiver,After,Sport,171.21,120
2025-01-29,21,137,4,0,Wednesday,Hiver,Have,Électronique,361.97,177
2025-01-29,22,119,1,1,Wednesday,Hiver,Same,Vêtements,115.09,152
2025-01-29,23,42,9,0,Wednesday,Hiver,Successful,Beauté,111.55,87
2025-01-29,24,113,8,0,Wednesday,Hiver,Hold,Beauté,203.14,155
2025-01-29,25,59,5,0,Wednesday,Hiver,Stay,Vêtements,154.6,105
2025-01-29,26,105,4,0,Wednesday,Hiver,Young,Beauté,155.97,148
2025-01-29,27,56,0,0,Wednesday,Hiver,Long,Beauté,249.64,81
2025-01-29,28,156,2,0,Wednesday,Hiver,Out,Beauté,262.6,176
2025-01-29,29,12,0,0,Wednesday,Hiver,Political,Alimentation,91.98,62
2025-01-29,30,0,0,0,Wednesday,Hiver,Federal,Vêtements,416.83,31
2025-01-29,31,52,5,0,Wednesday,Hiver,Though,Beauté,115.48,79
2025-01-29,32,81,5,1,Wednesday,Hiver,Eight,Beauté,320.55,121
2025-01-29,33,66,5,0,Wednesday,Hiver,Different,Électronique,156.47,99
2025-01-29,34,85,1,1,Wednesday,Hiver,Use,Vêtements,444.89,126
2025-01-29,35,0,2,0,Wednesday,Hiver,Drug,Alimentation,42.53,21
2025-01-29,36,125,3,0,Wednesday,Hiver,Bar,Électronique,482.09,166
2025-01-29,37,70,4,0,Wednesday,Hiver,Though,Beauté,29.62,125
2025-01-29,38,119,3,0,Wednesday,Hiver,Apply,Alimentation,158.5,170
2025-01-29,39,0,10,0,Wednesday,Hiver,When,Alimentation,363.57,43
2025-01-29,40,96,10,0,Wednesday,Hiver,Different,Alimentation,363.73,142
2025-01-29,41,0,0,0,Wednesday,Hiver,Strategy,Sport,374.24,21
2025-01-29,42,27,1,0,Wednesday,Hiver,Record,Vêtements,337.17,58
2025-01-29,43,33,9,0,Wednesday,Hiver,Church,Électronique,340.26,75
2025-01-29,44,87,8,0,Wednesday,Hiver,All,Vêtements,391.94,115
2025-01-29,45,139,0,0,Wednesday,Hiver,Stop,Vêtements,415.86,189
2025-01-29,46,150,5,0,Wednesday,Hiver,Second,Vêtements,177.42,187
2025-01-29,47,73,2,0,Wednesday,Hiver,Across,Alimentation,466.85,104
2025-01-29,48,108,1,1,Wednesday,Hiver,Benefit,Sport,220.05,140
2025-01-29,49,5,3,0,Wednesday,Hiver,Box,Électronique,439.84,49
2025-01-29,50,139,3,1,Wednesday,Hiver,Difference,Vêtements,464.85,174
2025-01-30,1,26,10,0,Thursday,Hiver,Economy,Sport,142.77,84
2025-01-30,2,165,1,0,Thursday,Hiver,Small,Beauté,198.07,197
2025-01-30,3,26,8,0,Thursday,Hiver,Tonight,Électronique,183.42,64
2025-01-30,4,0,0,0,Thursday,Hiver,Score,Vêtements,499.85,28
2025-01-30,5,118,1,0,Thursday,Hiver,Act,Beauté,391.3,159
2025-01-30,6,48,7,0,Thursday,Hiver,Stage,Vêtements,464.06,103
2025-01-30,7,26,8,0,Thursday,Hiver,Stage,Vêtements,109.91,74
2025-01-30,8,79,3,0,Thursday,Hiver,Suggest,Vêtements,121.24,134
2025-01-30,9,0,8,0,Thursday,Hiver,Son,Beauté,353.88,32
2025-01-30,10,124,0,0,Thursday,Hiver,Customer,Sport,41.2,167
2025-01-30,11,131,7,0,Thursday,Hiver,Left,Beauté,448.57,172
2025-01-30,12,10,0,0,Thursday,Hiver,Fast,Vêtements,334.71,49
2025-01-30,13,84,2,0,Thursday,Hiver,Two,Vêtements,251.8,112
2025-01-30,14,77,5,0,Thursday,Hiver,Recognize,Vêtements,363.74,119
2025-01-30,15,10,5,0,Thursday,Hiver,In,Beauté,186.48,48
2025-01-30,16,146,0,0,Thursday,Hiver,Step,Sport,420.68,189
2025-01-30,17,151,2,0,Thursday,Hiver,Phone,Alimentation,462.12,196
2025-01-30,18,106,1,0,Thursday,Hiver,Hard,Vêtements,331.42,163
2025-01-30,19,71,9,0,Thursday,Hiver,What,Alimentation,291.29,128
2025-01-30,20,79,10,0,Thursday,Hiver,After,Sport,171.21,120
2025-01-30,21,128,9,0,Thursday,Hiver,Have,Électronique,361.97,177
2025-01-30,22,109,10,0,Thursday,Hiver,Same,Vêtements,115.09,152
2025-01-30,23,35,7,0,Thursday,Hiver,Successful,Beauté,111.55,87
2025-01-30,24,105,8,0,Thursday,Hiver,Hold,Beauté,203.14,155
2025-01-30,25,54,5,0,Thursday,Hiver,Stay,Vêtements,154.6,105
2025-01-30,26,96,9,0,Thursday,Hiver,Young,Beauté,155.97,148
2025-01-30,27,51,5,1,Thursday,Hiver,Long,Beauté,249.64,81
2025-01-30,28,155,1,0,Thursday,Hiver,Out,Beauté,262.6,176
2025-01-30,29,4,8,0,Thursday,Hiver,Political,Alimentation,91.98,62
2025-01-30,30,0,1,0,Thursday,Hiver,Federal,Vêtements,416.83,31
2025-01-30,31,51,1,0,Thursday,Hiver,Though,Beauté,115.48,79
2025-01-30,32,77,4,0,Thursday,Hiver,Eight,Beauté,320.55,121
2025-01-30,33,56,10,0,Thursday,Hiver,Different,Électronique,156.47,99
2025-01-30,34,85,0,0,Thursday,Hiver,Use,Vêtements,444.89,126
2025-01-30,35,0,5,0,Thursday,Hiver,Drug,Alimentation,42.53,21
2025-01-30,36,119,6,0,Thursday,Hiver,Bar,Électronique,482.09,166
2025-01-30,37,65,5,0,Thursday,Hiver,Though,Beauté,29.62,125
2025-01-30,38,118,1,0,Thursday,Hiver,Apply,Alimentation,158.5,170
2025-01-30,39,0,1,0,Thursday,Hiver,When,Alimentation,363.57,43
2025-01-30,40,93,3,0,Thursday,Hiver,Different,Alimentation,363.73,142
2025-01-30,41,0,6,0,Thursday,Hiver,Strategy,Sport,374.24,21
2025-01-30,42,26,1,0,Thursday,Hiver,Record,Vêtements,337.17,58
2025-01-30,43,23,10,0,Thursday,Hiver,Church,Électronique,340.26,75
2025-01-30,44,78,9,0,Thursday,Hiver,All,Vêtements,391.94,115
2025-01-30,45,137,2,0,Thursday,Hiver,Stop,Vêtements,415.86,189
2025-01-30,46,147,3,0,Thursday,Hiver,Second,Vêtements,177.42,187
2025-01-30,47,65,8,0,Thursday,Hiver,Across,Alimentation,466.85,104
2025-01-30,48,103,5,1,Thursday,Hiver,Benefit,Sport,220.05,140
2025-01-30,49,4,1,0,Thursday,Hiver,Box,Électronique,439.84,49
2025-01-30,50,137,2,0,Thursday,Hiver,Difference,Vêtements,464.85,174
2025-01-31,1,16,10,0,Friday,Hiver,Economy,Sport,142.77,84
2025-01-31,2,159,6,0,Friday,Hiver,Small,Beauté,198.07,197
2025-01-31,3,24,2,0,Friday,Hiver,Tonight,Électronique,183.42,64
2025-01-31,4,0,6,0,Friday,Hiver,Score,Vêtements,499.85,28
2025-01-31,5,109,9,0,Friday,Hiver,Act,Beauté,391.3,159
2025-01-31,6,46,2,0,Friday,Hiver,Stage,Vêtements,464.06,103
2025-01-31,7,16,10,0,Friday,Hiver,Stage,Vêtements,109.91,74
2025-01-31,8,75,4,0,Friday,Hiver,Suggest,Vêtements,121.24,134
2025-01-31,9,0,7,1,Friday,Hiver,Son,Beauté,353.88,32
2025-01-31,10,120,4,0,Friday,Hiver,Customer,Sport,41.2,167
2025-01-31,11,129,2,0,Friday,Hiver,Left,Beauté,448.57,172
2025-01-31,12,5,5,0,Friday,Hiver,Fast,Vêtements,334.71,49
2025-01-31,13,81,3,0,Friday,Hiver,Two,Vêtements,251.8,112
2025-01-31,14,75,2,0,Friday,Hiver,Recognize,Vêtements,363.74,119
2025-01-31,15,6,4,0,Friday,Hiver,In,Beauté,186.48,48
2025-01-31,16,138,8,1,Friday,Hiver,Step,Sport,420.68,189
2025-01-31,17,147,4,0,Friday,Hiver,Phone,Alimentation,462.12,196
2025-01-31,18,102,4,0,Friday,Hiver,Hard,Vêtements,331.42,163
2025-01-31,19,67,4,0,Friday,Hiver,What,Alimentation,291.29,128
2025-01-31,20,72,7,0,Friday,Hiver,After,Sport,171.21,120
2025-01-31,21,121,7,0,Friday,Hiver,Have,Électronique,361.97,177
2025-01-31,22,100,9,0,Friday,Hiver,Same,Vêtements,115.09,152
2025-01-31,23,30,5,0,Friday,Hiver,Successful,Beauté,111.55,87
2025-01-31,24,99,6,0,Friday,Hiver,Hold,Beauté,203.14,155
2025-01-31,25,44,10,0,Friday,Hiver,Stay,Vêtements,154.6,105
2025-01-31,26,90,6,0,Friday,Hiver,Young,Beauté,155.97,148
2025-01-31,27,49,2,0,Friday,Hiver,Long,Beauté,249.64,81
2025-01-31,28,155,0,0,Friday,Hiver,Out,Beauté,262.6,176
2025-01-31,29,0,10,0,Friday,Hiver,Political,Alimentation,91.98,62
2025-01-31,30,0,3,0,Friday,Hiver,Federal,Vêtements,416.83,31
2025-01-31,31,49,2,0,Friday,Hiver,Though,Beauté,115.48,79
2025-01-31,32,75,2,0,Friday,Hiver,Eight,Beauté,320.55,121
2025-01-31,33,46,10,0,Friday,Hiver,Different,Électronique,156.47,99
2025-01-31,34,85,0,0,Friday,Hiver,Use,Vêtements,444.89,126
2025-01-31,35,0,4,0,Friday,Hiver,Drug,Alimentation,42.53,21
2025-01-31,36,116,3,0,Friday,Hiver,Bar,Électronique,482.09,166
2025-01-31,37,62,3,0,Friday,Hiver,Though,Beauté,29.62,125
2025-01-31,38,116,2,0,Friday,Hiver,Apply,Alimentation,158.5,170
2025-01-31,39,0,8,0,Friday,Hiver,When,Alimentation,363.57,43
2025-01-31,40,93,0,0,Friday,Hiver,Different,Alimentation,363.73,142
2025-01-31,41,0,7,0,Friday,Hiver,Strategy,Sport,374.24,21
2025-01-31,42,18,8,0,Friday,Hiver,Record,Vêtements,337.17,58
2025-01-31,43,13,10,0,Friday,Hiver,Church,Électronique,340.26,75
2025-01-31,44,74,4,0,Friday,Hiver,All,Vêtements,391.94,115
2025-01-31,45,128,9,0,Friday,Hiver,Stop,Vêtements,415.86,189
2025-01-31,46,147,0,1,Friday,Hiver,Second,Vêtements,177.42,187
2025-01-31,47,58,7,1,Friday,Hiver,Across,Alimentation,466.85,104
2025-01-31,48,98,5,0,Friday,Hiver,Benefit,Sport,220.05,140
2025-01-31,49,0,8,0,Friday,Hiver,Box,Électronique,439.84,49
2025-01-31,50,135,2,0,Friday,Hiver,Difference,Vêtements,464.85,174
2025-02-01,1,6,10,0,Saturday,Hiver,Economy,Sport,142.77,84
2025-02-01,2,152,7,0,Saturday,Hiver,Small,Beauté,198.07,197
2025-02-01,3,17,7,0,Saturday,Hiver,Tonight,Électronique,183.42,64
2025-02-01,4,0,10,0,Saturday,Hiver,Score,Vêtements,499.85,28
2025-02-01,5,107,2,0,Saturday,Hiver,Act,Beauté,391.3,159
2025-02-01,6,36,10,0,Saturday,Hiver,Stage,Vêtements,464.06,103
2025-02-01,7,16,0,0,Saturday,Hiver,Stage,Vêtements,109.91,74
2025-02-01,8,70,5,0,Saturday,Hiver,Suggest,Vêtements,121.24,134
2025-02-01,9,0,1,0,Saturday,Hiver,Son,Beauté,353.88,32
2025-02-01,10,118,2,0,Saturday,Hiver,Customer,Sport,41.2,167
2025-02-01,11,126,3,0,Saturday,Hiver,Left,Beauté,448.57,172
2025-02-01,12,5,0,0,Saturday,Hiver,Fast,Vêtements,334.71,49
2025-02-01,13,71,10,0,Saturday,Hiver,Two,Vêtements,251.8,112
2025-02-01,14,71,4,0,Saturday,Hiver,Recognize,Vêtements,363.74,119
2025-02-01,15,6,0,0,Saturday,Hiver,In,Beauté,186.48,48
2025-02-01,16,129,9,0,Saturday,Hiver,Step,Sport,420.68,189
2025-02-01,17,140,7,0,Saturday,Hiver,Phone,Alimentation,462.12,196
2025-02-01,18,100,2,0,Saturday,Hiver,Hard,Vêtements,331.42,163
2025-02-01,19,59,8,0,Saturday,Hiver,What,Alimentation,291.29,128
2025-02-01,20,66,6,0,Saturday,Hiver,After,Sport,171.21,120
2025-02-01,21,117,4,0,Saturday,Hiver,Have,Électronique,361.97,177
2025-02-01,22,94,6,0,Saturday,Hiver,Same,Vêtements,115.09,152
2025-02-01,23,20,10,0,Saturday,Hiver,Successful,Beauté,111.55,87
2025-02-01,24,92,7,0,Saturday,Hiver,Hold,Beauté,203.14,155
2025-02-01,25,38,6,0,Saturday,Hiver,Stay,Vêtements,154.6,105
2025-02-01,26,83,7,0,Saturday,Hiver,Young,Beauté,155.97,148
2025-02-01,27,44,5,1,Saturday,Hiver,Long,Beauté,249.64,81
2025-02-01,28,153,2,0,Saturday,Hiver,Out,Beauté,262.6,176
2025-02-01,29,0,7,0,Saturday,Hiver,Political,Alimentation,91.98,62
2025-02-01,30,0,8,0,Saturday,Hiver,Federal,Vêtements,416.83,31
2025-02-01,31,41,8,0,Saturday,Hiver,Though,Beauté,115.48,79
2025-02-01,32,73,2,1,Saturday,Hiver,Eight,Beauté,320.55,121
2025-02-01,33,41,5,0,Saturday,Hiver,Different,Électronique,156.47,99
2025-02-01,34,83,2,0,Saturday,Hiver,Use,Vêtements,444.89,126
2025-02-01,35,0,4,0,Saturday,Hiver,Drug,Alimentation,42.53,21
2025-02-01,36,115,1,0,Saturday,Hiver,Bar,Électronique,482.09,166
2025-02-01,37,59,3,0,Saturday,Hiver,Though,Beauté,29.62,125
2025-02-01,38,115,1,0,Saturday,Hiver,Apply,Alimentation,158.5,170
2025-02-01,39,0,0,0,Saturday,Hiver,When,Alimentation,363.57,43
2025-02-01,40,90,3,0,Saturday,Hiver,Different,Alimentation,363.73,142
2025-02-01,41,0,9,0,Saturday,Hiver,Strategy,Sport,374.24,21
2025-02-01,42,13,5,0,Saturday,Hiver,Record,Vêtements,337.17,58
2025-02-01,43,12,1,0,Saturday,Hiver,Church,Électronique,340.26,75
2025-02-01,44,72,2,0,Saturday,Hiver,All,Vêtements,391.94,115
2025-02-01,45,121,7,0,Saturday,Hiver,Stop,Vêtements,415.86,189
2025-02-01,46,138,9,0,Saturday,Hiver,Second,Vêtements,177.42,187
2025-02-01,47,55,3,0,Saturday,Hiver,Across,Alimentation,466.85,104
2025-02-01,48,90,8,0,Saturday,Hiver,Benefit,Sport,220.05,140
2025-02-01,49,0,1,0,Saturday,Hiver,Box,Électronique,439.84,49
2025-02-01,50,126,9,0,Saturday,Hiver,Difference,Vêtements,464.85,174
2025-02-02,1,0,10,0,Sunday,Hiver,Economy,Sport,142.77,84
2025-02-02,2,145,7,1,Sunday,Hiver,Small,Beauté,198.07,197
2025-02-02,3,10,7,1,Sunday,Hiver,Tonight,Électronique,183.42,64
2025-02-02,4,0,0,0,Sunday,Hiver,Score,Vêtements,499.85,28
2025-02-02,5,101,6,0,Sunday,Hiver,Act,Beauté,391.3,159
2025-02-02,6,35,1,0,Sunday,Hiver,Stage,Vêtements,464.06,103
2025-02-02,7,7,9,0,Sunday,Hiver,Stage,Vêtements,109.91,74
2025-02-02,8,61,9,0,Sunday,Hiver,Suggest,Vêtements,121.24,134
2025-02-02,9,0,5,0,Sunday,Hiver,Son,Beauté,353.88,32
2025-02-02,10,113,5,0,Sunday,Hiver,Customer,Sport,41.2,167
2025-02-02,11,118,8,0,Sunday,Hiver,Left,Beauté,448.57,172
2025-02-02,12,2,3,0,Sunday,Hiver,Fast,Vêtements,334.71,49
2025-02-02,13,65,6,0,Sunday,Hiver,Two,Vêtements,251.8,112
2025-02-02,14,62,9,0,Sunday,Hiver,Recognize,Vêtements,363.74,119
2025-02-02,15,6,0,0,Sunday,Hiver,In,Beauté,186.48,48
2025-02-02,16,128,1,0,Sunday,Hiver,Step,Sport,420.68,189
2025-02-02,17,130,10,0,Sunday,Hiver,Phone,Alimentation,462.12,196
2025-02-02,18,100,0,1,Sunday,Hiver,Hard,Vêtements,331.42,163
2025-02-02,19,54,5,0,Sunday,Hiver,What,Alimentation,291.29,128
2025-02-02,20,65,1,0,Sunday,Hiver,After,Sport,171.21,120
2025-02-02,21,114,3,0,Sunday,Hiver,Have,Électronique,361.97,177
2025-02-02,22,94,0,0,Sunday,Hiver,Same,Vêtements,115.09,152
2025-02-02,23,19,1,0,Sunday,Hiver,Successful,Beauté,111.55,87
2025-02-02,24,92,0,1,Sunday,Hiver,Hold,Beauté,203.14,155
2025-02-02,25,36,2,0,Sunday,Hiver,Stay,Vêtements,154.6,105
2025-02-02,26,76,7,0,Sunday,Hiver,Young,Beauté,155.97,148
2025-02-02,27,43,1,0,Sunday,Hiver,Long,Beauté,249.64,81
2025-02-02,28,146,7,0,Sunday,Hiver,Out,Beauté,262.6,176
2025-02-02,29,0,5,0,Sunday,Hiver,Political,Alimentation,91.98,62
2025-02-02,30,0,10,0,Sunday,Hiver,Federal,Vêtements,416.83,31
2025-02-02,31,32,9,0,Sunday,Hiver,Though,Beauté,115.48,79
2025-02-02,32,73,0,0,Sunday,Hiver,Eight,Beauté,320.55,121
2025-02-02,33,40,1,0,Sunday,Hiver,Different,Électronique,156.47,99
2025-02-02,34,81,2,1,Sunday,Hiver,Use,Vêtements,444.89,126
2025-02-02,35,0,10,0,Sunday,Hiver,Drug,Alimentation,42.53,21
2025-02-02,36,115,0,0,Sunday,Hiver,Bar,Électronique,482.09,166
2025-02-02,37,57,2,0,Sunday,Hiver,Though,Beauté,29.62,125
2025-02-02,38,110,5,0,Sunday,Hiver,Apply,Alimentation,158.5,170
2025-02-02,39,0,8,0,Sunday,Hiver,When,Alimentation,363.57,43
2025-02-02,40,85,5,0,Sunday,Hiver,Different,Alimentation,363.73,142
2025-02-02,41,0,8,0,Sunday,Hiver,Strategy,Sport,374.24,21
2025-02-02,42,10,3,0,Sunday,Hiver,Record,Vêtements,337.17,58
2025-02-02,43,4,8,0,Sunday,Hiver,Church,Électronique,340.26,75
2025-02-02,44,72,0,0,Sunday,Hiver,All,Vêtements,391.94,115
2025-02-02,45,111,10,0,Sunday,Hiver,Stop,Vêtements,415.86,189
2025-02-02,46,137,1,0,Sunday,Hiver,Second,Vêtements,177.42,187
2025-02-02,47,51,4,1,Sunday,Hiver,Across,Alimentation,466.85,104
2025-02-02,48,82,8,0,Sunday,Hiver,Benefit,Sport,220.05,140
2025-02-02,49,0,10,0,Sunday,Hiver,Box,Électronique,439.84,49
2025-02-02,50,119,7,0,Sunday,Hiver,Difference,Vêtements,464.85,174
2025-02-03,1,0,6,0,Monday,Hiver,Economy,Sport,142.77,84
2025-02-03,2,135,10,0,Monday,Hiver,Small,Beauté,198.07,197
2025-02-03,3,0,10,0,Monday,Hiver,Tonight,Électronique,183.42,64
2025-02-03,4,0,8,1,Monday,Hiver,Score,Vêtements,499.85,28
2025-02-03,5,97,4,0,Monday,Hiver,Act,Beauté,391.3,159
2025-02-03,6,31,4,0,Monday,Hiver,Stage,Vêtements,464.06,103
2025-02-03,7,3,4,0,Monday,Hiver,Stage,Vêtements,109.91,74
2025-02-03,8,56,5,1,Monday,Hiver,Suggest,Vêtements,121.24,134
2025-02-03,9,0,9,0,Monday,Hiver,Son,Beauté,353.88,32
2025-02-03,10,111,2,0,Monday,Hiver,Customer,Sport,41.2,167
2025-02-03,11,114,4,0,Monday,Hiver,Left,Beauté,448.57,172
2025-02-03,12,0,3,0,Monday,Hiver,Fast,Vêtements,334.71,49
2025-02-03,13,57,8,0,Monday,Hiver,Two,Vêtements,251.8,112
2025-02-03,14,52,10,0,Monday,Hiver,Recognize,Vêtements,363.74,119
2025-02-03,15,0,10,0,Monday,Hiver,In,Beauté,186.48,48
2025-02-03,16,118,10,0,Monday,Hiver,Step,Sport,420.68,189
2025-02-03,17,129,1,1,Monday,Hiver,Phone,Alimentation,462.12,196
2025-02-03,18,93,7,0,Monday,Hiver,Hard,Vêtements,331.42,163
2025-02-03,19,48,6,0,Monday,Hiver,What,Alimentation,291.29,128
2025-02-03,20,60,5,0,Monday,Hiver,After,Sport,171.21,120
2025-02-03,21,113,1,0,Monday,Hiver,Have,Électronique,361.97,177
2025-02-03,22,87,7,0,Monday,Hiver,Same,Vêtements,115.09,152
2025-02-03,23,9,10,0,Monday,Hiver,Successful,Beauté,111.55,87
2025-02-03,24,84,8,1,Monday,Hiver,Hold,Beauté,203.14,155
2025-02-03,25,31,5,0,Monday,Hiver,Stay,Vêtements,154.6,105
2025-02-03,26,76,0,0,Monday,Hiver,Young,Beauté,155.97,148
2025-02-03,27,43,0,1,Monday,Hiver,Long,Beauté,249.64,81
2025-02-03,28,142,4,0,Monday,Hiver,Out,Beauté,262.6,176
2025-02-03,29,0,0,0,Monday,Hiver,Political,Alimentation,91.98,62
2025-02-03,30,0,2,0,Monday,Hiver,Federal,Vêtements,416.83,31
2025-02-03,31,22,10,0,Monday,Hiver,Though,Beauté,115.48,79
2025-02-03,32,67,6,0,Monday,Hiver,Eight,Beauté,320.55,121
2025-02-03,33,33,7,0,Monday,Hiver,Different,Électronique,156.47,99
2025-02-03,34,76,5,0,Monday,Hiver,Use,Vêtements,444.89,126
2025-02-03,35,0,4,0,Monday,Hiver,Drug,Alimentation,42.53,21
2025-02-03,36,108,7,0,Monday,Hiver,Bar,Électronique,482.09,166
2025-02-03,37,52,5,1,Monday,Hiver,Though,Beauté,29.62,125
2025-02-03,38,102,8,0,Monday,Hiver,Apply,Alimentation,158.5,170
2025-02-03,39,0,5,0,Monday,Hiver,When,Alimentation,363.57,43
2025-02-03,40,82,3,0,Monday,Hiver,Different,Alimentation,363.73,142
2025-02-03,41,0,5,0,Monday,Hiver,Strategy,Sport,374.24,21
2025-02-03,42,0,10,0,Monday,Hiver,Record,Vêtements,337.17,58
2025-02-03,43,0,8,0,Monday,Hiver,Church,Électronique,340.26,75
2025-02-03,44,66,6,0,Monday,Hiver,All,Vêtements,391.94,115
2025-02-03,45,106,5,0,Monday,Hiver,Stop,Vêtements,415.86,189
2025-02-03,46,137,0,1,Monday,Hiver,Second,Vêtements,177.42,187
2025-02-03,47,43,8,0,Monday,Hiver,Across,Alimentation,466.85,104
2025-02-03,48,82,0,0,Monday,Hiver,Benefit,Sport,220.05,140
2025-02-03,49,0,8,0,Monday,Hiver,Box,Électronique,439.84,49
2025-02-03,50,118,1,0,Monday,Hiver,Difference,Vêtements,464.85,174
2025-02-04,1,0,4,0,Tuesday,Hiver,Economy,Sport,142.77,84
2025-02-04,2,135,0,0,Tuesday,Hiver,Small,Beauté,198.07,197
2025-02-04,3,0,5,0,Tuesday,Hiver,Tonight,Électronique,183.42,64
2025-02-04,4,0,3,0,Tuesday,Hiver,Score,Vêtements,499.85,28
2025-02-04,5,94,3,1,Tuesday,Hiver,Act,Beauté,391.3,159
2025-02-04,6,22,9,0,Tuesday,Hiver,Stage,Vêtements,464.06,103
2025-02-04,7,0,10,0,Tuesday,Hiver,Stage,Vêtements,109.91,74
2025-02-04,8,56,0,0,Tuesday,Hiver,Suggest,Vêtements,121.24,134
2025-02-04,9,0,3,1,Tuesday,Hiver,Son,Beauté,353.88,32
2025-02-04,10,109,2,0,Tuesday,Hiver,Customer,Sport,41.2,167
2025-02-04,11,108,6,1,Tuesday,Hiver,Left,Beauté,448.57,172
2025-02-04,12,0,7,0,Tuesday,Hiver,Fast,Vêtements,334.71,49
2025-02-04,13,50,7,0,Tuesday,Hiver,Two,Vêtements,251.8,112
2025-02-04,14,45,7,0,Tuesday,Hiver,Recognize,Vêtements,363.74,119
2025-02-04,15,0,8,0,Tuesday,Hiver,In,Beauté,186.48,48
2025-02-04,16,108,10,0,Tuesday,Hiver,Step,Sport,420.68,189
2025-02-04,17,122,7,0,Tuesday,Hiver,Phone,Alimentation,462.12,196
2025-02-04,18,84,9,0,Tuesday,Hiver,Hard,Vêtements,331.42,163
2025-02-04,19,48,0,0,Tuesday,Hiver,What,Alimentation,291.29,128
2025-02-04,20,60,0,1,Tuesday,Hiver,After,Sport,171.21,120
2025-02-04,21,111,2,1,Tuesday,Hiver,Have,Électronique,361.97,177
2025-02-04,22,79,8,0,Tuesday,Hiver,Same,Vêtements,115.09,152
2025-02-04,23,1,8,0,Tuesday,Hiver,Successful,Beauté,111.55,87
2025-02-04,24,84,0,0,Tuesday,Hiver,Hold,Beauté,203.14,155
2025-02-04,25,22,9,0,Tuesday,Hiver,Stay,Vêtements,154.6,105
2025-02-04,26,75,1,0,Tuesday,Hiver,Young,Beauté,155.97,148
2025-02-04,27,33,10,0,Tuesday,Hiver,Long,Beauté,249.64,81
2025-02-04,28,138,4,0,Tuesday,Hiver,Out,Beauté,262.6,176
2025-02-04,29,0,10,1,Tuesday,Hiver,Political,Alimentation,91.98,62
2025-02-04,30,0,5,0,Tuesday,Hiver,Federal,Vêtements,416.83,31
2025-02-04,31,17,5,0,Tuesday,Hiver,Though,Beauté,115.48,79
2025-02-04,32,67,0,1,Tuesday,Hiver,Eight,Beauté,320.55,121
2025-02-04,33,26,7,0,Tuesday,Hiver,Different,Électronique,156.47,99
2025-02-04,34,76,0,0,Tuesday,Hiver,Use,Vêtements,444.89,126
2025-02-04,35,0,7,1,Tuesday,Hiver,Drug,Alimentation,42.53,21
2025-02-04,36,103,5,0,Tuesday,Hiver,Bar,Électronique,482.09,166
2025-02-04,37,51,1,0,Tuesday,Hiver,Though,Beauté,29.62,125
2025-02-04,38,92,10,0,Tuesday,Hiver,Apply,Alimentation,158.5,170
2025-02-04,39,0,3,0,Tuesday,Hiver,When,Alimentation,363.57,43
2025-02-04,40,72,10,0,Tuesday,Hiver,Different,Alimentation,363.73,142
2025-02-04,41,0,0,1,Tuesday,Hiver,Strategy,Sport,374.24,21
2025-02-04,42,0,8,0,Tuesday,Hiver,Record,Vêtements,337.17,58
2025-02-04,43,0,10,1,Tuesday,Hiver,Church,Électronique,340.26,75
2025-02-04,44,59,7,1,Tuesday,Hiver,All,Vêtements,391.94,115
2025-02-04,45,103,3,0,Tuesday,Hiver,Stop,Vêtements,415.86,189
2025-02-04,46,133,4,0,Tuesday,Hiver,Second,Vêtements,177.42,187
2025-02-04,47,35,8,0,Tuesday,Hiver,Across,Alimentation,466.85,104
2025-02-04,48,76,6,0,Tuesday,Hiver,Benefit,Sport,220.05,140
2025-02-04,49,0,7,0,Tuesday,Hiver,Box,Électronique,439.84,49
2025-02-04,50,110,8,0,Tuesday,Hiver,Difference,Vêtements,464.85,174
2025-02-05,1,0,9,1,Wednesday,Hiver,Economy,Sport,142.77,84
2025-02-05,2,131,4,0,Wednesday,Hiver,Small,Beauté,198.07,197
2025-02-05,3,0,2,0,Wednesday,Hiver,Tonight,Électronique,183.42,64
2025-02-05,4,0,1,0,Wednesday,Hiver,Score,Vêtements,499.85,28
2025-02-05,5,91,3,0,Wednesday,Hiver,Act,Beauté,391.3,159
2025-02-05,6,18,4,0,Wednesday,Hiver,Stage,Vêtements,464.06,103
2025-02-05,7,0,4,0,Wednesday,Hiver,Stage,Vêtements,109.91,74
2025-02-05,8,47,9,0,Wednesday,Hiver,Suggest,Vêtements,121.24,134
2025-02-05,9,0,5,0,Wednesday,Hiver,Son,Beauté,353.88,32
2025-02-05,10,106,3,0,Wednesday,Hiver,Customer,Sport,41.2,167
2025-02-05,11,106,2,0,Wednesday,Hiver,Left,Beauté,448.57,172
2025-02-05,12,0,5,0,Wednesday,Hiver,Fast,Vêtements,334.71,49
2025-02-05,13,41,9,0,Wednesday,Hiver,Two,Vêtements,251.8,112
2025-02-05,14,35,10,0,Wednesday,Hiver,Recognize,Vêtements,363.74,119
2025-02-05,15,0,1,0,Wednesday,Hiver,In,Beauté,186.48,48
2025-02-05,16,102,6,1,Wednesday,Hiver,Step,Sport,420.68,189
2025-02-05,17,112,10,0,Wednesday,Hiver,Phone,Alimentation,462.12,196
2025-02-05,18,84,0,1,Wednesday,Hiver,Hard,Vêtements,331.42,163
2025-02-05,19,43,5,0,Wednesday,Hiver,What,Alimentation,291.29,128
2025-02-05,20,50,10,1,Wednesday,Hiver,After,Sport,171.21,120
2025-02-05,21,111,0,1,Wednesday,Hiver,Have,Électronique,361.97,177
2025-02-05,22,70,9,0,Wednesday,Hiver,Same,Vêtements,115.09,152
2025-02-05,23,0,10,0,Wednesday,Hiver,Successful,Beauté,111.55,87
2025-02-05,24,78,6,1,Wednesday,Hiver,Hold,Beauté,203.14,155
2025-02-05,25,16,6,0,Wednesday,Hiver,Stay,Vêtements,154.6,105
2025-02-05,26,66,9,0,Wednesday,Hiver,Young,Beauté,155.97,148
2025-02-05,27,33,0,0,Wednesday,Hiver,Long,Beauté,249.64,81
2025-02-05,28,131,7,0,Wednesday,Hiver,Out,Beauté,262.6,176
2025-02-05,29,0,10,0,Wednesday,Hiver,Political,Alimentation,91.98,62
2025-02-05,30,0,10,0,Wednesday,Hiver,Federal,Vêtements,416.83,31
2025-02-05,31,9,8,0,Wednesday,Hiver,Though,Beauté,115.48,79
2025-02-05,32,65,2,0,Wednesday,Hiver,Eight,Beauté,320.55,121
2025-02-05,33,26,0,0,Wednesday,Hiver,Different,Électronique,156.47,99
2025-02-05,34,66,10,0,Wednesday,Hiver,Use,Vêtements,444.89,126
2025-02-05,35,0,4,0,Wednesday,Hiver,Drug,Alimentation,42.53,21
2025-02-05,36,103,0,1,Wednesday,Hiver,Bar,Électronique,482.09,166
2025-02-05,37,44,7,0,Wednesday,Hiver,Though,Beauté,29.62,125
2025-02-05,38,83,9,0,Wednesday,Hiver,Apply,Alimentation,158.5,170
2025-02-05,39,0,1,0,Wednesday,Hiver,When,Alimentation,363.57,43
2025-02-05,40,62,10,0,Wednesday,Hiver,Different,Alimentation,363.73,142
2025-02-05,41,0,0,0,Wednesday,Hiver,Strategy,Sport,374.24,21
2025-02-05,42,0,10,0,Wednesday,Hiver,Record,Vêtements,337.17,58
2025-02-05,43,0,0,0,Wednesday,Hiver,Church,Électronique,340.26,75
2025-02-05,44,49,10,0,Wednesday,Hiver,All,Vêtements,391.94,115
2025-02-05,45,103,0,0,Wednesday,Hiver,Stop,Vêtements,415.86,189
2025-02-05,46,129,4,0,Wednesday,Hiver,Second,Vêtements,177.42,187
2025-02-05,47,33,2,0,Wednesday,Hiver,Across,Alimentation,466.85,104
2025-02-05,48,73,3,0,Wednesday,Hiver,Benefit,Sport,220.05,140
2025-02-05,49,0,1,0,Wednesday,Hiver,Box,Électronique,439.84,49
2025-02-05,50,103,7,0,Wednesday,Hiver,Difference,Vêtements,464.85,174
2025-02-06,1,0,0,0,Thursday,Hiver,Economy,Sport,142.77,84
2025-02-06,2,127,4,1,Thursday,Hiver,Small,Beauté,198.07,197
2025-02-06,3,0,4,0,Thursday,Hiver,Tonight,Électronique,183.42,64
2025-02-06,4,0,3,1,Thursday,Hiver,Score,Vêtements,499.85,28
2025-02-06,5,88,3,0,Thursday,Hiver,Act,Beauté,391.3,159
2025-02-06,6,17,1,0,Thursday,Hiver,Stage,Vêtements,464.06,103
2025-02-06,7,0,2,0,Thursday,Hiver,Stage,Vêtements,109.91,74
2025-02-06,8,47,0,0,Thursday,Hiver,Suggest,Vêtements,121.24,134
2025-02-06,9,0,4,0,Thursday,Hiver,Son,Beauté,353.88,32
2025-02-06,10,102,4,0,Thursday,Hiver,Customer,Sport,41.2,167
2025-02-06,11,97,9,0,Thursday,Hiver,Left,Beauté,448.57,172
2025-02-06,12,0,10,0,Thursday,Hiver,Fast,Vêtements,334.71,49
2025-02-06,13,39,2,0,Thursday,Hiver,Two,Vêtements,251.8,112
2025-02-06,14,25,10,0,Thursday,Hiver,Recognize,Vêtements,363.74,119
2025-02-06,15,0,1,0,Thursday,Hiver,In,Beauté,186.48,48
2025-02-06,16,96,6,0,Thursday,Hiver,Step,Sport,420.68,189
2025-02-06,17,102,10,0,Thursday,Hiver,Phone,Alimentation,462.12,196
2025-02-06,18,79,5,0,Thursday,Hiver,Hard,Vêtements,331.42,163
2025-02-06,19,35,8,0,Thursday,Hiver,What,Alimentation,291.29,128
2025-02-06,20,46,4,0,Thursday,Hiver,After,Sport,171.21,120
2025-02-06,21,104,7,0,Thursday,Hiver,Have,Électronique,361.97,177
2025-02-06,22,67,3,0,Thursday,Hiver,Same,Vêtements,115.09,152
2025-02-06,23,0,3,0,Thursday,Hiver,Successful,Beauté,111.55,87
2025-02-06,24,72,6,1,Thursday,Hiver,Hold,Beauté,203.14,155
2025-02-06,25,11,5,0,Thursday,Hiver,Stay,Vêtements,154.6,105
2025-02-06,26,66,0,0,Thursday,Hiver,Young,Beauté,155.97,148
2025-02-06,27,29,4,0,Thursday,Hiver,Long,Beauté,249.64,81
2025-02-06,28,125,6,0,Thursday,Hiver,Out,Beauté,262.6,176
2025-02-06,29,0,10,0,Thursday,Hiver,Political,Alimentation,91.98,62
2025-02-06,30,0,7,0,Thursday,Hiver,Federal,Vêtements,416.83,31
2025-02-06,31,0,9,0,Thursday,Hiver,Though,Beauté,115.48,79
2025-02-06,32,65,0,0,Thursday,Hiver,Eight,Beauté,320.55,121
2025-02-06,33,18,8,0,Thursday,Hiver,Different,Électronique,156.47,99
2025-02-06,34,58,8,0,Thursday,Hiver,Use,Vêtements,444.89,126
2025-02-06,35,0,0,0,Thursday,Hiver,Drug,Alimentation,42.53,21
2025-02-06,36,102,1,0,Thursday,Hiver,Bar,Électronique,482.09,166
2025-02-06,37,37,7,0,Thursday,Hiver,Though,Beauté,29.62,125
2025-02-06,38,74,9,0,Thursday,Hiver,Apply,Alimentation,158.5,170
2025-02-06,39,0,3,0,Thursday,Hiver,When,Alimentation,363.57,43
2025-02-06,40,58,4,0,Thursday,Hiver,Different,Alimentation,363.73,142
2025-02-06,41,0,5,1,Thursday,Hiver,Strategy,Sport,374.24,21
2025-02-06,42,0,6,0,Thursday,Hiver,Record,Vêtements,337.17,58
2025-02-06,43,0,4,0,Thursday,Hiver,Church,Électronique,340.26,75
2025-02-06,44,44,5,0,Thursday,Hiver,All,Vêtements,391.94,115
2025-02-06,45,100,3,0,Thursday,Hiver,Stop,Vêtements,415.86,189
2025-02-06,46,119,10,0,Thursday,Hiver,Second,Vêtements,177.42,187
2025-02-06,47,23,10,0,Thursday,Hiver,Across,Alimentation,466.85,104
2025-02-06,48,73,0,0,Thursday,Hiver,Benefit,Sport,220.05,140
2025-02-06,49,0,1,0,Thursday,Hiver,Box,Électronique,439.84,49
2025-02-06,50,94,9,0,Thursday,Hiver,Difference,Vêtements,464.85,174
2025-02-07,1,0,3,0,Friday,Hiver,Economy,Sport,142.77,84
2025-02-07,2,126,1,0,Friday,Hiver,Small,Beauté,198.07,197
2025-02-07,3,0,1,0,Friday,Hiver,Tonight,Électronique,183.42,64
2025-02-07,4,0,9,0,Friday,Hiver,Score,Vêtements,499.85,28
2025-02-07,5,85,3,0,Friday,Hiver,Act,Beauté,391.3,159
2025-02-07,6,13,4,0,Friday,Hiver,Stage,Vêtements,464.06,103
2025-02-07,7,0,7,0,Friday,Hiver,Stage,Vêtements,109.91,74
2025-02-07,8,47,0,0,Friday,Hiver,Suggest,Vêtements,121.24,134
2025-02-07,9,0,9,0,Friday,Hiver,Son,Beauté,353.88,32
2025-02-07,10,95,7,0,Friday,Hiver,Customer,Sport,41.2,167
2025-02-07,11,89,8,0,Friday,Hiver,Left,Beauté,448.57,172
2025-02-07,12,0,0,0,Friday,Hiver,Fast,Vêtements,334.71,49
2025-02-07,13,37,2,0,Friday,Hiver,Two,Vêtements,251.8,112
2025-02-07,14,15,10,0,Friday,Hiver,Recognize,Vêtements,363.74,119
2025-02-07,15,0,0,0,Friday,Hiver,In,Beauté,186.48,48
2025-02-07,16,90,6,0,Friday,Hiver,Step,Sport,420.68,189
2025-02-07,17,99,3,0,Friday,Hiver,Phone,Alimentation,462.12,196
2025-02-07,18,71,8,0,Friday,Hiver,Hard,Vêtements,331.42,163
2025-02-07,19,31,4,0,Friday,Hiver,What,Alimentation,291.29,128
2025-02-07,20,42,4,0,Friday,Hiver,After,Sport,171.21,120
2025-02-07,21,101,3,0,Friday,Hiver,Have,Électronique,361.97,177
2025-02-07,22,65,2,0,Friday,Hiver,Same,Vêtements,115.09,152
2025-02-07,23,0,4,0,Friday,Hiver,Successful,Beauté,111.55,87
2025-02-07,24,65,7,0,Friday,Hiver,Hold,Beauté,203.14,155
2025-02-07,25,6,5,0,Friday,Hiver,Stay,Vêtements,154.6,105
2025-02-07,26,64,2,1,Friday,Hiver,Young,Beauté,155.97,148
2025-02-07,27,29,0,0,Friday,Hiver,Long,Beauté,249.64,81
2025-02-07,28,123,2,0,Friday,Hiver,Out,Beauté,262.6,176
2025-02-07,29,0,9,0,Friday,Hiver,Political,Alimentation,91.98,62
2025-02-07,30,0,0,0,Friday,Hiver,Federal,Vêtements,416.83,31
2025-02-07,31,0,5,0,Friday,Hiver,Though,Beauté,115.48,79
2025-02-07,32,59,6,0,Friday,Hiver,Eight,Beauté,320.55,121
2025-02-07,33,12,6,0,Friday,Hiver,Different,Électronique,156.47,99
2025-02-07,34,54,4,0,Friday,Hiver,Use,Vêtements,444.89,126
2025-02-07,35,0,10,0,Friday,Hiver,Drug,Alimentation,42.53,21
2025-02-07,36,95,7,0,Friday,Hiver,Bar,Électronique,482.09,166
2025-02-07,37,35,2,0,Friday,Hiver,Though,Beauté,29.62,125
2025-02-07,38,72,2,0,Friday,Hiver,Apply,Alimentation,158.5,170
2025-02-07,39,0,4,0,Friday,Hiver,When,Alimentation,363.57,43
2025-02-07,40,56,2,0,Friday,Hiver,Different,Alimentation,363.73,142
2025-02-07,41,0,0,0,Friday,Hiver,Strategy,Sport,374.24,21
2025-02-07,42,0,1,0,Friday,Hiver,Record,Vêtements,337.17,58
2025-02-07,43,0,0,0,Friday,Hiver,Church,Électronique,340.26,75
2025-02-07,44,36,8,0,Friday,Hiver,All,Vêtements,391.94,115
2025-02-07,45,98,2,0,Friday,Hiver,Stop,Vêtements,415.86,189
2025-02-07,46,114,5,0,Friday,Hiver,Second,Vêtements,177.42,187
2025-02-07,47,16,7,0,Friday,Hiver,Across,Alimentation,466.85,104
2025-02-07,48,68,5,1,Friday,Hiver,Benefit,Sport,220.05,140
2025-02-07,49,0,10,0,Friday,Hiver,Box,Électronique,439.84,49
2025-02-07,50,87,7,0,Friday,Hiver,Difference,Vêtements,464.85,174
2025-02-08,1,0,5,0,Saturday,Hiver,Economy,Sport,142.77,84
2025-02-08,2,119,7,0,Saturday,Hiver,Small,Beauté,198.07,197
2025-02-08,3,0,3,0,Saturday,Hiver,Tonight,Électronique,183.42,64
2025-02-08,4,0,8,0,Saturday,Hiver,Score,Vêtements,499.85,28
2025-02-08,5,81,4,0,Saturday,Hiver,Act,Beauté,391.3,159
2025-02-08,6,4,9,0,Saturday,Hiver,Stage,Vêtements,464.06,103
2025-02-08,7,0,0,0,Saturday,Hiver,Stage,Vêtements,109.91,74
2025-02-08,8,47,0,0,Saturday,Hiver,Suggest,Vêtements,121.24,134
2025-02-08,9,0,1,0,Saturday,Hiver,Son,Beauté,353.88,32
2025-02-08,10,93,2,0,Saturday,Hiver,Customer,Sport,41.2,167
2025-02-08,11,80,9,0,Saturday,Hiver,Left,Beauté,448.57,172
2025-02-08,12,0,9,0,Saturday,Hiver,Fast,Vêtements,334.71,49
2025-02-08,13,34,3,0,Saturday,Hiver,Two,Vêtements,251.8,112
2025-02-08,14,13,2,1,Saturday,Hiver,Recognize,Vêtements,363.74,119
2025-02-08,15,0,0,0,Saturday,Hiver,In,Beauté,186.48,48
2025-02-08,16,86,4,0,Saturday,Hiver,Step,Sport,420.68,189
2025-02-08,17,96,3,0,Saturday,Hiver,Phone,Alimentation,462.12,196
2025-02-08,18,63,8,0,Saturday,Hiver,Hard,Vêtements,331.42,163
2025-02-08,19,26,5,0,Saturday,Hiver,What,Alimentation,291.29,128
2025-02-08,20,38,4,0,Saturday,Hiver,After,Sport,171.21,120
2025-02-08,21,96,5,0,Saturday,Hiver,Have,Électronique,361.97,177
2025-02-08,22,64,1,0,Saturday,Hiver,Same,Vêtements,115.09,152
2025-02-08,23,0,4,0,Saturday,Hiver,Successful,Beauté,111.55,87
2025-02-08,24,62,3,0,Saturday,Hiver,Hold,Beauté,203.14,155
2025-02-08,25,2,4,0,Saturday,Hiver,Stay,Vêtements,154.6,105
2025-02-08,26,61,3,0,Saturday,Hiver,Young,Beauté,155.97,148
2025-02-08,27,28,1,0,Saturday,Hiver,Long,Beauté,249.64,81
2025-02-08,28,122,1,0,Saturday,Hiver,Out,Beauté,262.6,176
2025-02-08,29,0,5,0,Saturday,Hiver,Political,Alimentation,91.98,62
2025-02-08,30,0,0,0,Saturday,Hiver,Federal,Vêtements,416.83,31
2025-02-08,31,0,7,0,Saturday,Hiver,Though,Beauté,115.48,79
2025-02-08,32,58,1,0,Saturday,Hiver,Eight,Beauté,320.55,121
2025-02-08,33,4,8,0,Saturday,Hiver,Different,Électronique,156.47,99
2025-02-08,34,49,5,0,Saturday,Hiver,Use,Vêtements,444.89,126
2025-02-08,35,0,7,0,Saturday,Hiver,Drug,Alimentation,42.53,21
2025-02-08,36,92,3,0,Saturday,Hiver,Bar,Électronique,482.09,166
2025-02-08,37,29,6,0,Saturday,Hiver,Though,Beauté,29.62,125
2025-02-08,38,70,2,0,Saturday,Hiver,Apply,Alimentation,158.5,170
2025-02-08,39,0,10,0,Saturday,Hiver,When,Alimentation,363.57,43
2025-02-08,40,54,2,0,Saturday,Hiver,Different,Alimentation,363.73,142
2025-02-08,41,0,9,0,Saturday,Hiver,Strategy,Sport,374.24,21
2025-02-08,42,0,9,0,Saturday,Hiver,Record,Vêtements,337.17,58
2025-02-08,43,0,0,0,Saturday,Hiver,Church,Électronique,340.26,75
2025-02-08,44,27,9,0,Saturday,Hiver,All,Vêtements,391.94,115
2025-02-08,45,91,7,0,Saturday,Hiver,Stop,Vêtements,415.86,189
2025-02-08,46,112,2,0,Saturday,Hiver,Second,Vêtements,177.42,187
2025-02-08,47,8,8,0,Saturday,Hiver,Across,Alimentation,466.85,104
2025-02-08,48,67,1,0,Saturday,Hiver,Benefit,Sport,220.05,140
2025-02-08,49,0,1,0,Saturday,Hiver,Box,Électronique,439.84,49
2025-02-08,50,87,0,0,Saturday,Hiver,Difference,Vêtements,464.85,174
2025-02-09,1,0,4,0,Sunday,Hiver,Economy,Sport,142.77,84
2025-02-09,2,113,6,0,Sunday,Hiver,Small,Beauté,198.07,197
2025-02-09,3,0,5,0,Sunday,Hiver,Tonight,Électronique,183.42,64
2025-02-09,4,0,2,0,Sunday,Hiver,Score,Vêtements,499.85,28
2025-02-09,5,74,7,1,Sunday,Hiver,Act,Beauté,391.3,159
2025-02-09,6,0,9,0,Sunday,Hiver,Stage,Vêtements,464.06,103
2025-02-09,7,0,7,0,Sunday,Hiver,Stage,Vêtements,109.91,74
2025-02-09,8,40,7,0,Sunday,Hiver,Suggest,Vêtements,121.24,134
2025-02-09,9,0,8,0,Sunday,Hiver,Son,Beauté,353.88,32
2025-02-09,10,83,10,0,Sunday,Hiver,Customer,Sport,41.2,167
2025-02-09,11,80,0,0,Sunday,Hiver,Left,Beauté,448.57,172
2025-02-09,12,0,0,0,Sunday,Hiver,Fast,Vêtements,334.71,49
2025-02-09,13,29,5,0,Sunday,Hiver,Two,Vêtements,251.8,112
2025-02-09,14,10,3,0,Sunday,Hiver,Recognize,Vêtements,363.74,119
2025-02-09,15,0,0,0,Sunday,Hiver,In,Beauté,186.48,48
2025-02-09,16,83,3,0,Sunday,Hiver,Step,Sport,420.68,189
2025-02-09,17,86,10,1,Sunday,Hiver,Phone,Alimentation,462.12,196
2025-02-09,18,58,5,0,Sunday,Hiver,Hard,Vêtements,331.42,163
2025-02-09,19,16,10,0,Sunday,Hiver,What,Alimentation,291.29,128
2025-02-09,20,34,4,0,Sunday,Hiver,After,Sport,171.21,120
2025-02-09,21,94,2,0,Sunday,Hiver,Have,Électronique,361.97,177
2025-02-09,22,55,9,0,Sunday,Hiver,Same,Vêtements,115.09,152
2025-02-09,23,0,5,0,Sunday,Hiver,Successful,Beauté,111.55,87
2025-02-09,24,59,3,0,Sunday,Hiver,Hold,Beauté,203.14,155
2025-02-09,25,0,2,0,Sunday,Hiver,Stay,Vêtements,154.6,105
2025-02-09,26,61,0,0,Sunday,Hiver,Young,Beauté,155.97,148
2025-02-09,27,22,6,0,Sunday,Hiver,Long,Beauté,249.64,81
2025-02-09,28,112,10,0,Sunday,Hiver,Out,Beauté,262.6,176
2025-02-09,29,0,7,0,Sunday,Hiver,Political,Alimentation,91.98,62
2025-02-09,30,0,1,0,Sunday,Hiver,Federal,Vêtements,416.83,31
2025-02-09,31,0,6,0,Sunday,Hiver,Though,Beauté,115.48,79
2025-02-09,32,51,7,0,Sunday,Hiver,Eight,Beauté,320.55,121
2025-02-09,33,0,4,0,Sunday,Hiver,Different,Électronique,156.47,99
2025-02-09,34,39,10,0,Sunday,Hiver,Use,Vêtements,444.89,126
2025-02-09,35,0,0,0,Sunday,Hiver,Drug,Alimentation,42.53,21
2025-02-09,36,87,5,0,Sunday,Hiver,Bar,Électronique,482.09,166
2025-02-09,37,29,0,0,Sunday,Hiver,Though,Beauté,29.62,125
2025-02-09,38,66,4,0,Sunday,Hiver,Apply,Alimentation,158.5,170
2025-02-09,39,0,6,0,Sunday,Hiver,When,Alimentation,363.57,43
2025-02-09,40,54,0,0,Sunday,Hiver,Different,Alimentation,363.73,142
2025-02-09,41,0,5,0,Sunday,Hiver,Strategy,Sport,374.24,21
2025-02-09,42,0,0,0,Sunday,Hiver,Record,Vêtements,337.17,58
2025-02-09,43,0,1,0,Sunday,Hiver,Church,Électronique,340.26,75
2025-02-09,44,25,2,0,Sunday,Hiver,All,Vêtements,391.94,115
2025-02-09,45,84,7,0,Sunday,Hiver,Stop,Vêtements,415.86,189
2025-02-09,46,106,6,0,Sunday,Hiver,Second,Vêtements,177.42,187
2025-02-09,47,0,10,0,Sunday,Hiver,Across,Alimentation,466.85,104
2025-02-09,48,66,1,0,Sunday,Hiver,Benefit,Sport,220.05,140
2025-02-09,49,0,7,0,Sunday,Hiver,Box,Électronique,439.84,49
2025-02-09,50,83,4,1,Sunday,Hiver,Difference,Vêtements,464.85,174
2025-02-10,1,0,10,0,Monday,Hiver,Economy,Sport,142.77,84
2025-02-10,2,108,5,0,Monday,Hiver,Small,Beauté,198.07,197
2025-02-10,3,0,2,0,Monday,Hiver,Tonight,Électronique,183.42,64
2025-02-10,4,0,0,0,Monday,Hiver,Score,Vêtements,499.85,28
2025-02-10,5,72,2,0,Monday,Hiver,Act,Beauté,391.3,159
2025-02-10,6,0,7,0,Monday,Hiver,Stage,Vêtements,464.06,103
2025-02-10,7,0,2,0,Monday,Hiver,Stage,Vêtements,109.91,74
2025-02-10,8,31,9,0,Monday,Hiver,Suggest,Vêtements,121.24,134
2025-02-10,9,0,0,0,Monday,Hiver,Son,Beauté,353.88,32
2025-02-10,10,78,5,0,Monday,Hiver,Customer,Sport,41.2,167
2025-02-10,11,73,7,0,Monday,Hiver,Left,Beauté,448.57,172
2025-02-10,12,0,3,0,Monday,Hiver,Fast,Vêtements,334.71,49
2025-02-10,13,23,6,0,Monday,Hiver,Two,Vêtements,251.8,112
2025-02-10,14,2,8,0,Monday,Hiver,Recognize,Vêtements,363.74,119
2025-02-10,15,0,0,0,Monday,Hiver,In,Beauté,186.48,48
2025-02-10,16,76,7,0,Monday,Hiver,Step,Sport,420.68,189
2025-02-10,17,82,4,0,Monday,Hiver,Phone,Alimentation,462.12,196
2025-02-10,18,54,4,0,Monday,Hiver,Hard,Vêtements,331.42,163
2025-02-10,19,14,2,0,Monday,Hiver,What,Alimentation,291.29,128
2025-02-10,20,24,10,0,Monday,Hiver,After,Sport,171.21,120
2025-02-10,21,94,0,0,Monday,Hiver,Have,Électronique,361.97,177
2025-02-10,22,47,8,0,Monday,Hiver,Same,Vêtements,115.09,152
2025-02-10,23,0,4,0,Monday,Hiver,Successful,Beauté,111.55,87
2025-02-10,24,56,3,0,Monday,Hiver,Hold,Beauté,203.14,155
2025-02-10,25,0,3,0,Monday,Hiver,Stay,Vêtements,154.6,105
2025-02-10,26,57,4,0,Monday,Hiver,Young,Beauté,155.97,148
2025-02-10,27,22,0,0,Monday,Hiver,Long,Beauté,249.64,81
2025-02-10,28,106,6,0,Monday,Hiver,Out,Beauté,262.6,176
2025-02-10,29,0,7,0,Monday,Hiver,Political,Alimentation,91.98,62
2025-02-10,30,0,2,0,Monday,Hiver,Federal,Vêtements,416.83,31
2025-02-10,31,0,7,0,Monday,Hiver,Though,Beauté,115.48,79
2025-02-10,32,48,3,1,Monday,Hiver,Eight,Beauté,320.55,121
2025-02-10,33,0,0,0,Monday,Hiver,Different,Électronique,156.47,99
2025-02-10,34,34,5,0,Monday,Hiver,Use,Vêtements,444.89,126
2025-02-10,35,0,5,0,Monday,Hiver,Drug,Alimentation,42.53,21
2025-02-10,36,80,7,0,Monday,Hiver,Bar,Électronique,482.09,166
2025-02-10,37,27,2,0,Monday,Hiver,Though,Beauté,29.62,125
2025-02-10,38,66,0,0,Monday,Hiver,Apply,Alimentation,158.5,170
2025-02-10,39,0,6,1,Monday,Hiver,When,Alimentation,363.57,43
2025-02-10,40,46,8,0,Monday,Hiver,Different,Alimentation,363.73,142
2025-02-10,41,0,9,0,Monday,Hiver,Strategy,Sport,374.24,21
2025-02-10,42,0,9,0,Monday,Hiver,Record,Vêtements,337.17,58
2025-02-10,43,0,9,0,Monday,Hiver,Church,Électronique,340.26,75
2025-02-10,44,25,0,0,Monday,Hiver,All,Vêtements,391.94,115
2025-02-10,45,75,9,0,Monday,Hiver,Stop,Vêtements,415.86,189
2025-02-10,46,100,6,0,Monday,Hiver,Second,Vêtements,177.42,187
2025-02-10,47,0,7,1,Monday,Hiver,Across,Alimentation,466.85,104
2025-02-10,48,58,8,0,Monday,Hiver,Benefit,Sport,220.05,140
2025-02-10,49,0,6,0,Monday,Hiver,Box,Électronique,439.84,49
2025-02-10,50,83,0,0,Monday,Hiver,Difference,Vêtements,464.85,174
2025-02-11,1,0,0,0,Tuesday,Hiver,Economy,Sport,142.77,84
2025-02-11,2,108,0,0,Tuesday,Hiver,Small,Beauté,198.07,197
2025-02-11,3,0,3,0,Tuesday,Hiver,Tonight,Électronique,183.42,64
2025-02-11,4,0,8,1,Tuesday,Hiver,Score,Vêtements,499.85,28
2025-02-11,5,66,6,0,Tuesday,Hiver,Act,Beauté,391.3,159
2025-02-11,6,0,6,0,Tuesday,Hiver,Stage,Vêtements,464.06,103
2025-02-11,7,0,7,0,Tuesday,Hiver,Stage,Vêtements,109.91,74
2025-02-11,8,29,2,0,Tuesday,Hiver,Suggest,Vêtements,121.24,134
2025-02-11,9,0,7,0,Tuesday,Hiver,Son,Beauté,353.88,32
2025-02-11,10,76,2,0,Tuesday,Hiver,Customer,Sport,41.2,167
2025-02-11,11,64,9,0,Tuesday,Hiver,Left,Beauté,448.57,172
2025-02-11,12,0,8,0,Tuesday,Hiver,Fast,Vêtements,334.71,49
2025-02-11,13,16,7,0,Tuesday,Hiver,Two,Vêtements,251.8,112
2025-02-11,14,2,0,0,Tuesday,Hiver,Recognize,Vêtements,363.74,119
2025-02-11,15,0,5,0,Tuesday,Hiver,In,Beauté,186.48,48
2025-02-11,16,71,5,0,Tuesday,Hiver,Step,Sport,420.68,189
2025-02-11,17,82,0,0,Tuesday,Hiver,Phone,Alimentation,462.12,196
2025-02-11,18,48,6,0,Tuesday,Hiver,Hard,Vêtements,331.42,163
2025-02-11,19,11,3,0,Tuesday,Hiver,What,Alimentation,291.29,128
2025-02-11,20,19,5,0,Tuesday,Hiver,After,Sport,171.21,120
2025-02-11,21,85,9,0,Tuesday,Hiver,Have,Électronique,361.97,177
2025-02-11,22,39,8,0,Tuesday,Hiver,Same,Vêtements,115.09,152
2025-02-11,23,0,9,0,Tuesday,Hiver,Successful,Beauté,111.55,87
2025-02-11,24,54,2,0,Tuesday,Hiver,Hold,Beauté,203.14,155
2025-02-11,25,0,2,0,Tuesday,Hiver,Stay,Vêtements,154.6,105
2025-02-11,26,47,10,0,Tuesday,Hiver,Young,Beauté,155.97,148
2025-02-11,27,20,2,0,Tuesday,Hiver,Long,Beauté,249.64,81
2025-02-11,28,99,7,0,Tuesday,Hiver,Out,Beauté,262.6,176
2025-02-11,29,0,2,0,Tuesday,Hiver,Political,Alimentation,91.98,62
2025-02-11,30,0,6,0,Tuesday,Hiver,Federal,Vêtements,416.83,31
2025-02-11,31,0,1,0,Tuesday,Hiver,Though,Beauté,115.48,79
2025-02-11,32,48,0,0,Tuesday,Hiver,Eight,Beauté,320.55,121
2025-02-11,33,0,4,0,Tuesday,Hiver,Different,Électronique,156.47,99
2025-02-11,34,33,1,0,Tuesday,Hiver,Use,Vêtements,444.89,126
2025-02-11,35,0,7,0,Tuesday,Hiver,Drug,Alimentation,42.53,21
2025-02-11,36,74,6,1,Tuesday,Hiver,Bar,Électronique,482.09,166
2025-02-11,37,20,7,0,Tuesday,Hiver,Though,Beauté,29.62,125
2025-02-11,38,56,10,0,Tuesday,Hiver,Apply,Alimentation,158.5,170
2025-02-11,39,0,6,1,Tuesday,Hiver,When,Alimentation,363.57,43
2025-02-11,40,40,6,0,Tuesday,Hiver,Different,Alimentation,363.73,142
2025-02-11,41,0,7,1,Tuesday,Hiver,Strategy,Sport,374.24,21
2025-02-11,42,0,8,0,Tuesday,Hiver,Record,Vêtements,337.17,58
2025-02-11,43,0,8,0,Tuesday,Hiver,Church,Électronique,340.26,75
2025-02-11,44,22,3,0,Tuesday,Hiver,All,Vêtements,391.94,115
2025-02-11,45,71,4,0,Tuesday,Hiver,Stop,Vêtements,415.86,189
2025-02-11,46,100,0,0,Tuesday,Hiver,Second,Vêtements,177.42,187
2025-02-11,47,0,4,0,Tuesday,Hiver,Across,Alimentation,466.85,104
2025-02-11,48,56,2,0,Tuesday,Hiver,Benefit,Sport,220.05,140
2025-02-11,49,0,0,0,Tuesday,Hiver,Box,Électronique,439.84,49
2025-02-11,50,78,5,0,Tuesday,Hiver,Difference,Vêtements,464.85,174
2025-02-12,1,0,2,0,Wednesday,Hiver,Economy,Sport,142.77,84
2025-02-12,2,100,8,0,Wednesday,Hiver,Small,Beauté,198.07,197
2025-02-12,3,0,9,0,Wednesday,Hiver,Tonight,Électronique,183.42,64
2025-02-12,4,0,1,1,Wednesday,Hiver,Score,Vêtements,499.85,28
2025-02-12,5,64,2,0,Wednesday,Hiver,Act,Beauté,391.3,159
2025-02-12,6,0,2,0,Wednesday,Hiver,Stage,Vêtements,464.06,103
2025-02-12,7,0,5,0,Wednesday,Hiver,Stage,Vêtements,109.91,74
2025-02-12,8,25,4,0,Wednesday,Hiver,Suggest,Vêtements,121.24,134
2025-02-12,9,0,7,1,Wednesday,Hiver,Son,Beauté,353.88,32
2025-02-12,10,74,2,0,Wednesday,Hiver,Customer,Sport,41.2,167
2025-02-12,11,58,6,0,Wednesday,Hiver,Left,Beauté,448.57,172
2025-02-12,12,0,0,0,Wednesday,Hiver,Fast,Vêtements,334.71,49
2025-02-12,13,7,9,0,Wednesday,Hiver,Two,Vêtements,251.8,112
2025-02-12,14,0,2,0,Wednesday,Hiver,Recognize,Vêtements,363.74,119
2025-02-12,15,0,2,0,Wednesday,Hiver,In,Beauté,186.48,48
2025-02-12,16,68,3,0,Wednesday,Hiver,Step,Sport,420.68,189
2025-02-12,17,81,1,0,Wednesday,Hiver,Phone,Alimentation,462.12,196
2025-02-12,18,38,10,0,Wednesday,Hiver,Hard,Vêtements,331.42,163
2025-02-12,19,1,10,0,Wednesday,Hiver,What,Alimentation,291.29,128
2025-02-12,20,18,1,0,Wednesday,Hiver,After,Sport,171.21,120
2025-02-12,21,75,10,0,Wednesday,Hiver,Have,Électronique,361.97,177
2025-02-12,22,37,2,0,Wednesday,Hiver,Same,Vêtements,115.09,152
2025-02-12,23,0,9,1,Wednesday,Hiver,Successful,Beauté,111.55,87
2025-02-12,24,47,7,0,Wednesday,Hiver,Hold,Beauté,203.14,155
2025-02-12,25,0,4,0,Wednesday,Hiver,Stay,Vêtements,154.6,105
2025-02-12,26,43,4,0,Wednesday,Hiver,Young,Beauté,155.97,148
2025-02-12,27,19,1,0,Wednesday,Hiver,Long,Beauté,249.64,81
2025-02-12,28,89,10,1,Wednesday,Hiver,Out,Beauté,262.6,176
2025-02-12,29,0,2,0,Wednesday,Hiver,Political,Alimentation,91.98,62
2025-02-12,30,0,5,0,Wednesday,Hiver,Federal,Vêtements,416.83,31
2025-02-12,31,0,8,0,Wednesday,Hiver,Though,Beauté,115.48,79
2025-02-12,32,44,4,0,Wednesday,Hiver,Eight,Beauté,320.55,121
2025-02-12,33,0,9,1,Wednesday,Hiver,Different,Électronique,156.47,99
2025-02-12,34,32,1,0,Wednesday,Hiver,Use,Vêtements,444.89,126
2025-02-12,35,0,1,0,Wednesday,Hiver,Drug,Alimentation,42.53,21
2025-02-12,36,69,5,0,Wednesday,Hiver,Bar,Électronique,482.09,166
2025-02-12,37,19,1,0,Wednesday,Hiver,Though,Beauté,29.62,125
2025-02-12,38,54,2,0,Wednesday,Hiver,Apply,Alimentation,158.5,170
2025-02-12,39,0,3,0,Wednesday,Hiver,When,Alimentation,363.57,43
2025-02-12,40,34,6,0,Wednesday,Hiver,Different,Alimentation,363.73,142
2025-02-12,41,0,8,0,Wednesday,Hiver,Strategy,Sport,374.24,21
2025-02-12,42,0,7,1,Wednesday,Hiver,Record,Vêtements,337.17,58
2025-02-12,43,0,6,0,Wednesday,Hiver,Church,Électronique,340.26,75
2025-02-12,44,15,7,1,Wednesday,Hiver,All,Vêtements,391.94,115
2025-02-12,45,63,8,0,Wednesday,Hiver,Stop,Vêtements,415.86,189
2025-02-12,46,95,5,0,Wednesday,Hiver,Second,Vêtements,177.42,187
2025-02-12,47,0,9,0,Wednesday,Hiver,Across,Alimentation,466.85,104
2025-02-12,48,46,10,0,Wednesday,Hiver,Benefit,Sport,220.05,140
2025-02-12,49,0,2,0,Wednesday,Hiver,Box,Électronique,439.84,49
2025-02-12,50,75,3,1,Wednesday,Hiver,Difference,Vêtements,464.85,174
2025-02-13,1,0,2,0,Thursday,Hiver,Economy,Sport,142.77,84
2025-02-13,2,99,1,0,Thursday,Hiver,Small,Beauté,198.07,197
2025-02-13,3,0,4,0,Thursday,Hiver,Tonight,Électronique,183.42,64
2025-02-13,4,0,0,1,Thursday,Hiver,Score,Vêtements,499.85,28
2025-02-13,5,54,10,0,Thursday,Hiver,Act,Beauté,391.3,159
2025-02-13,6,0,10,0,Thursday,Hiver,Stage,Vêtements,464.06,103
2025-02-13,7,0,10,0,Thursday,Hiver,Stage,Vêtements,109.91,74
2025-02-13,8,18,7,0,Thursday,Hiver,Suggest,Vêtements,121.24,134
2025-02-13,9,0,0,0,Thursday,Hiver,Son,Beauté,353.88,32
2025-02-13,10,65,9,0,Thursday,Hiver,Customer,Sport,41.2,167
2025-02-13,11,52,6,1,Thursday,Hiver,Left,Beauté,448.57,172
2025-02-13,12,0,0,0,Thursday,Hiver,Fast,Vêtements,334.71,49
2025-02-13,13,0,10,0,Thursday,Hiver,Two,Vêtements,251.8,112
2025-02-13,14,0,0,0,Thursday,Hiver,Recognize,Vêtements,363.74,119
2025-02-13,15,0,4,0,Thursday,Hiver,In,Beauté,186.48,48
2025-02-13,16,65,3,0,Thursday,Hiver,Step,Sport,420.68,189
2025-02-13,17,74,7,0,Thursday,Hiver,Phone,Alimentation,462.12,196
2025-02-13,18,36,2,0,Thursday,Hiver,Hard,Vêtements,331.42,163
2025-02-13,19,0,4,0,Thursday,Hiver,What,Alimentation,291.29,128
2025-02-13,20,12,6,1,Thursday,Hiver,After,Sport,171.21,120
2025-02-13,21,69,6,0,Thursday,Hiver,Have,Électronique,361.97,177
2025-02-13,22,34,3,1,Thursday,Hiver,Same,Vêtements,115.09,152
2025-02-13,23,0,2,0,Thursday,Hiver,Successful,Beauté,111.55,87
2025-02-13,24,38,9,0,Thursday,Hiver,Hold,Beauté,203.14,155
2025-02-13,25,0,8,0,Thursday,Hiver,Stay,Vêtements,154.6,105
2025-02-13,26,42,1,0,Thursday,Hiver,Young,Beauté,155.97,148
2025-02-13,27,18,1,1,Thursday,Hiver,Long,Beauté,249.64,81
2025-02-13,28,80,9,0,Thursday,Hiver,Out,Beauté,262.6,176
2025-02-13,29,0,2,0,Thursday,Hiver,Political,Alimentation,91.98,62
2025-02-13,30,0,6,0,Thursday,Hiver,Federal,Vêtements,416.83,31
2025-02-13,31,0,3,0,Thursday,Hiver,Though,Beauté,115.48,79
2025-02-13,32,43,1,0,Thursday,Hiver,Eight,Beauté,320.55,121
2025-02-13,33,0,0,0,Thursday,Hiver,Different,Électronique,156.47,99
2025-02-13,34,27,5,0,Thursday,Hiver,Use,Vêtements,444.89,126
2025-02-13,35,0,9,0,Thursday,Hiver,Drug,Alimentation,42.53,21
2025-02-13,36,60,9,0,Thursday,Hiver,Bar,Électronique,482.09,166
2025-02-13,37,19,0,0,Thursday,Hiver,Though,Beauté,29.62,125
2025-02-13,38,49,5,0,Thursday,Hiver,Apply,Alimentation,158.5,170
2025-02-13,39,0,9,0,Thursday,Hiver,When,Alimentation,363.57,43
2025-02-13,40,30,4,0,Thursday,Hiver,Different,Alimentation,363.73,142
2025-02-13,41,0,8,0,Thursday,Hiver,Strategy,Sport,374.24,21
2025-02-13,42,0,7,0,Thursday,Hiver,Record,Vêtements,337.17,58
2025-02-13,43,0,2,0,Thursday,Hiver,Church,Électronique,340.26,75
2025-02-13,44,12,3,0,Thursday,Hiver,All,Vêtements,391.94,115
2025-02-13,45,61,2,0,Thursday,Hiver,Stop,Vêtements,415.86,189
2025-02-13,46,86,9,1,Thursday,Hiver,Second,Vêtements,177.42,187
2025-02-13,47,0,9,0,Thursday,Hiver,Across,Alimentation,466.85,104
2025-02-13,48,40,6,0,Thursday,Hiver,Benefit,Sport,220.05,140
2025-02-13,49,0,7,0,Thursday,Hiver,Box,Électronique,439.84,49
2025-02-13,50,65,10,1,Thursday,Hiver,Difference,Vêtements,464.85,174
2025-02-14,1,0,9,0,Friday,Hiver,Economy,Sport,142.77,84
2025-02-14,2,90,9,0,Friday,Hiver,Small,Beauté,198.07,197
2025-02-14,3,0,1,0,Friday,Hiver,Tonight,Électronique,183.42,64
2025-02-14,4,0,6,0,Friday,Hiver,Score,Vêtements,499.85,28
2025-02-14,5,52,2,0,Friday,Hiver,Act,Beauté,391.3,159
2025-02-14,6,0,7,1,Friday,Hiver,Stage,Vêtements,464.06,103
2025-02-14,7,0,8,0,Friday,Hiver,Stage,Vêtements,109.91,74
2025-02-14,8,8,10,0,Friday,Hiver,Suggest,Vêtements,121.24,134
2025-02-14,9,0,9,0,Friday,Hiver,Son,Beauté,353.88,32
2025-02-14,10,62,3,1,Friday,Hiver,Customer,Sport,41.2,167
2025-02-14,11,49,3,0,Friday,Hiver,Left,Beauté,448.57,172
2025-02-14,12,0,0,0,Friday,Hiver,Fast,Vêtements,334.71,49
2025-02-14,13,0,0,0,Friday,Hiver,Two,Vêtements,251.8,112
2025-02-14,14,0,9,0,Friday,Hiver,Recognize,Vêtements,363.74,119
2025-02-14,15,0,2,0,Friday,Hiver,In,Beauté,186.48,48
2025-02-14,16,64,1,0,Friday,Hiver,Step,Sport,420.68,189
2025-02-14,17,73,1,0,Friday,Hiver,Phone,Alimentation,462.12,196
2025-02-14,18,27,9,0,Friday,Hiver,Hard,Vêtements,331.42,163
2025-02-14,19,0,0,0,Friday,Hiver,What,Alimentation,291.29,128
2025-02-14,20,11,1,1,Friday,Hiver,After,Sport,171.21,120
2025-02-14,21,61,8,0,Friday,Hiver,Have,Électronique,361.97,177
2025-02-14,22,31,3,0,Friday,Hiver,Same,Vêtements,115.09,152
2025-02-14,23,0,5,0,Friday,Hiver,Successful,Beauté,111.55,87
2025-02-14,24,35,3,0,Friday,Hiver,Hold,Beauté,203.14,155
2025-02-14,25,0,5,0,Friday,Hiver,Stay,Vêtements,154.6,105
2025-02-14,26,33,9,0,Friday,Hiver,Young,Beauté,155.97,148
2025-02-14,27,17,1,0,Friday,Hiver,Long,Beauté,249.64,81
2025-02-14,28,79,1,0,Friday,Hiver,Out,Beauté,262.6,176
2025-02-14,29,0,3,0,Friday,Hiver,Political,Alimentation,91.98,62
2025-02-14,30,0,2,0,Friday,Hiver,Federal,Vêtements,416.83,31
2025-02-14,31,0,6,0,Friday,Hiver,Though,Beauté,115.48,79
2025-02-14,32,37,6,0,Friday,Hiver,Eight,Beauté,320.55,121
2025-02-14,33,0,5,0,Friday,Hiver,Different,Électronique,156.47,99
2025-02-14,34,19,8,0,Friday,Hiver,Use,Vêtements,444.89,126
2025-02-14,35,0,0,0,Friday,Hiver,Drug,Alimentation,42.53,21
2025-02-14,36,55,5,0,Friday,Hiver,Bar,Électronique,482.09,166
2025-02-14,37,17,2,0,Friday,Hiver,Though,Beauté,29.62,125
2025-02-14,38,39,10,0,Friday,Hiver,Apply,Alimentation,158.5,170
2025-02-14,39,0,2,0,Friday,Hiver,When,Alimentation,363.57,43
2025-02-14,40,29,1,0,Friday,Hiver,Different,Alimentation,363.73,142
2025-02-14,41,0,0,0,Friday,Hiver,Strategy,Sport,374.24,21
2025-02-14,42,0,0,0,Friday,Hiver,Record,Vêtements,337.17,58
2025-02-14,43,0,9,0,Friday,Hiver,Church,Électronique,340.26,75
2025-02-14,44,11,1,0,Friday,Hiver,All,Vêtements,391.94,115
2025-02-14,45,58,3,0,Friday,Hiver,Stop,Vêtements,415.86,189
2025-02-14,46,77,9,0,Friday,Hiver,Second,Vêtements,177.42,187
2025-02-14,47,0,4,0,Friday,Hiver,Across,Alimentation,466.85,104
2025-02-14,48,30,10,0,Friday,Hiver,Benefit,Sport,220.05,140
2025-02-14,49,0,1,0,Friday,Hiver,Box,Électronique,439.84,49
2025-02-14,50,61,4,0,Friday,Hiver,Difference,Vêtements,464.85,174
2025-02-15,1,0,10,0,Saturday,Hiver,Economy,Sport,142.77,84
2025-02-15,2,85,5,0,Saturday,Hiver,Small,Beauté,198.07,197
2025-02-15,3,0,2,0,Saturday,Hiver,Tonight,Électronique,183.42,64
2025-02-15,4,0,9,0,Saturday,Hiver,Score,Vêtements,499.85,28
2025-02-15,5,52,0,0,Saturday,Hiver,Act,Beauté,391.3,159
2025-02-15,6,0,3,0,Saturday,Hiver,Stage,Vêtements,464.06,103
2025-02-15,7,0,4,0,Saturday,Hiver,Stage,Vêtements,109.91,74
2025-02-15,8,7,1,0,Saturday,Hiver,Suggest,Vêtements,121.24,134
2025-02-15,9,0,6,0,Saturday,Hiver,Son,Beauté,353.88,32
2025-02-15,10,53,9,0,Saturday,Hiver,Customer,Sport,41.2,167
2025-02-15,11,49,0,0,Saturday,Hiver,Left,Beauté,448.57,172
2025-02-15,12,0,10,0,Saturday,Hiver,Fast,Vêtements,334.71,49
2025-02-15,13,0,3,0,Saturday,Hiver,Two,Vêtements,251.8,112
2025-02-15,14,0,8,0,Saturday,Hiver,Recognize,Vêtements,363.74,119
2025-02-15,15,0,4,0,Saturday,Hiver,In,Beauté,186.48,48
2025-02-15,16,57,7,0,Saturday,Hiver,Step,Sport,420.68,189
2025-02-15,17,64,9,0,Saturday,Hiver,Phone,Alimentation,462.12,196
2025-02-15,18,23,4,0,Saturday,Hiver,Hard,Vêtements,331.42,163
2025-02-15,19,0,0,0,Saturday,Hiver,What,Alimentation,291.29,128
2025-02-15,20,10,1,0,Saturday,Hiver,After,Sport,171.21,120
2025-02-15,21,51,10,0,Saturday,Hiver,Have,Électronique,361.97,177
2025-02-15,22,30,1,0,Saturday,Hiver,Same,Vêtements,115.09,152
2025-02-15,23,0,0,0,Saturday,Hiver,Successful,Beauté,111.55,87
2025-02-15,24,33,2,0,Saturday,Hiver,Hold,Beauté,203.14,155
2025-02-15,25,0,10,0,Saturday,Hiver,Stay,Vêtements,154.6,105
2025-02-15,26,30,3,0,Saturday,Hiver,Young,Beauté,155.97,148
2025-02-15,27,13,4,0,Saturday,Hiver,Long,Beauté,249.64,81
2025-02-15,28,74,5,1,Saturday,Hiver,Out,Beauté,262.6,176
2025-02-15,29,0,9,0,Saturday,Hiver,Political,Alimentation,91.98,62
2025-02-15,30,0,9,0,Saturday,Hiver,Federal,Vêtements,416.83,31
2025-02-15,31,0,8,0,Saturday,Hiver,Though,Beauté,115.48,79
2025-02-15,32,35,2,0,Saturday,Hiver,Eight,Beauté,320.55,121
2025-02-15,33,0,6,0,Saturday,Hiver,Different,Électronique,156.47,99
2025-02-15,34,15,4,0,Saturday,Hiver,Use,Vêtements,444.89,126
2025-02-15,35,0,8,0,Saturday,Hiver,Drug,Alimentation,42.53,21
2025-02-15,36,53,2,0,Saturday,Hiver,Bar,Électronique,482.09,166
2025-02-15,37,16,1,0,Saturday,Hiver,Though,Beauté,29.62,125
2025-02-15,38,31,8,0,Saturday,Hiver,Apply,Alimentation,158.5,170
2025-02-15,39,0,3,0,Saturday,Hiver,When,Alimentation,363.57,43
2025-02-15,40,24,5,0,Saturday,Hiver,Different,Alimentation,363.73,142
2025-02-15,41,0,0,0,Saturday,Hiver,Strategy,Sport,374.24,21
2025-02-15,42,0,5,0,Saturday,Hiver,Record,Vêtements,337.17,58
2025-02-15,43,0,5,0,Saturday,Hiver,Church,Électronique,340.26,75
2025-02-15,44,11,0,0,Saturday,Hiver,All,Vêtements,391.94,115
2025-02-15,45,56,2,0,Saturday,Hiver,Stop,Vêtements,415.86,189
2025-02-15,46,68,9,0,Saturday,Hiver,Second,Vêtements,177.42,187
2025-02-15,47,0,1,0,Saturday,Hiver,Across,Alimentation,466.85,104
2025-02-15,48,21,9,1,Saturday,Hiver,Benefit,Sport,220.05,140
2025-02-15,49,0,10,0,Saturday,Hiver,Box,Électronique,439.84,49
2025-02-15,50,55,6,0,Saturday,Hiver,Difference,Vêtements,464.85,174
2025-02-16,1,0,7,0,Sunday,Hiver,Economy,Sport,142.77,84
2025-02-16,2,85,0,0,Sunday,Hiver,Small,Beauté,198.07,197
2025-02-16,3,0,0,0,Sunday,Hiver,Tonight,Électronique,183.42,64
2025-02-16,4,0,1,0,Sunday,Hiver,Score,Vêtements,499.85,28
2025-02-16,5,49,3,0,Sunday,Hiver,Act,Beauté,391.3,159
2025-02-16,6,0,0,1,Sunday,Hiver,Stage,Vêtements,464.06,103
2025-02-16,7,0,6,0,Sunday,Hiver,Stage,Vêtements,109.91,74
2025-02-16,8,4,3,0,Sunday,Hiver,Suggest,Vêtements,121.24,134
2025-02-16,9,0,5,0,Sunday,Hiver,Son,Beauté,353.88,32
2025-02-16,10,48,5,1,Sunday,Hiver,Customer,Sport,41.2,167
2025-02-16,11,44,5,0,Sunday,Hiver,Left,Beauté,448.57,172
2025-02-16,12,0,6,0,Sunday,Hiver,Fast,Vêtements,334.71,49
2025-02-16,13,0,4,1,Sunday,Hiver,Two,Vêtements,251.8,112
2025-02-16,14,0,6,0,Sunday,Hiver,Recognize,Vêtements,363.74,119
2025-02-16,15,0,10,0,Sunday,Hiver,In,Beauté,186.48,48
2025-02-16,16,50,7,0,Sunday,Hiver,Step,Sport,420.68,189
2025-02-16,17,54,10,0,Sunday,Hiver,Phone,Alimentation,462.12,196
2025-02-16,18,22,1,0,Sunday,Hiver,Hard,Vêtements,331.42,163
2025-02-16,19,0,3,0,Sunday,Hiver,What,Alimentation,291.29,128
2025-02-16,20,8,2,0,Sunday,Hiver,After,Sport,171.21,120
2025-02-16,21,41,10,1,Sunday,Hiver,Have,Électronique,361.97,177
2025-02-16,22,21,9,0,Sunday,Hiver,Same,Vêtements,115.09,152
2025-02-16,23,0,4,0,Sunday,Hiver,Successful,Beauté,111.55,87
2025-02-16,24,26,7,1,Sunday,Hiver,Hold,Beauté,203.14,155
2025-02-16,25,0,7,0,Sunday,Hiver,Stay,Vêtements,154.6,105
2025-02-16,26,30,0,0,Sunday,Hiver,Young,Beauté,155.97,148
2025-02-16,27,7,6,0,Sunday,Hiver,Long,Beauté,249.64,81
2025-02-16,28,68,6,1,Sunday,Hiver,Out,Beauté,262.6,176
2025-02-16,29,0,5,0,Sunday,Hiver,Political,Alimentation,91.98,62
2025-02-16,30,0,10,1,Sunday,Hiver,Federal,Vêtements,416.83,31
2025-02-16,31,0,2,0,Sunday,Hiver,Though,Beauté,115.48,79
2025-02-16,32,33,2,0,Sunday,Hiver,Eight,Beauté,320.55,121
2025-02-16,33,0,5,0,Sunday,Hiver,Different,Électronique,156.47,99
2025-02-16,34,13,2,0,Sunday,Hiver,Use,Vêtements,444.89,126
2025-02-16,35,0,8,0,Sunday,Hiver,Drug,Alimentation,42.53,21
2025-02-16,36,47,6,0,Sunday,Hiver,Bar,Électronique,482.09,166
2025-02-16,37,11,5,0,Sunday,Hiver,Though,Beauté,29.62,125
2025-02-16,38,23,8,0,Sunday,Hiver,Apply,Alimentation,158.5,170
2025-02-16,39,0,4,0,Sunday,Hiver,When,Alimentation,363.57,43
2025-02-16,40,14,10,0,Sunday,Hiver,Different,Alimentation,363.73,142
2025-02-16,41,0,10,0,Sunday,Hiver,Strategy,Sport,374.24,21
2025-02-16,42,0,6,0,Sunday,Hiver,Record,Vêtements,337.17,58
2025-02-16,43,0,0,0,Sunday,Hiver,Church,Électronique,340.26,75
2025-02-16,44,2,9,0,Sunday,Hiver,All,Vêtements,391.94,115
2025-02-16,45,51,5,0,Sunday,Hiver,Stop,Vêtements,415.86,189
2025-02-16,46,65,3,0,Sunday,Hiver,Second,Vêtements,177.42,187
2025-02-16,47,0,2,0,Sunday,Hiver,Across,Alimentation,466.85,104
2025-02-16,48,18,3,0,Sunday,Hiver,Benefit,Sport,220.05,140
2025-02-16,49,0,2,0,Sunday,Hiver,Box,Électronique,439.84,49
2025-02-16,50,46,9,0,Sunday,Hiver,Difference,Vêtements,464.85,174
2025-02-17,1,0,4,0,Monday,Hiver,Economy,Sport,142.77,84
2025-02-17,2,82,3,0,Monday,Hiver,Small,Beauté,198.07,197
2025-02-17,3,0,5,1,Monday,Hiver,Tonight,Électronique,183.42,64
2025-02-17,4,0,2,1,Monday,Hiver,Score,Vêtements,499.85,28
2025-02-17,5,45,4,0,Monday,Hiver,Act,Beauté,391.3,159
2025-02-17,6,0,10,0,Monday,Hiver,Stage,Vêtements,464.06,103
2025-02-17,7,0,8,0,Monday,Hiver,Stage,Vêtements,109.91,74
2025-02-17,8,3,1,0,Monday,Hiver,Suggest,Vêtements,121.24,134
2025-02-17,9,0,1,0,Monday,Hiver,Son,Beauté,353.88,32
2025-02-17,10,46,2,1,Monday,Hiver,Customer,Sport,41.2,167
2025-02-17,11,41,3,0,Monday,Hiver,Left,Beauté,448.57,172
2025-02-17,12,0,1,0,Monday,Hiver,Fast,Vêtements,334.71,49
2025-02-17,13,0,2,1,Monday,Hiver,Two,Vêtements,251.8,112
2025-02-17,14,0,7,0,Monday,Hiver,Recognize,Vêtements,363.74,119
2025-02-17,15,0,7,0,Monday,Hiver,In,Beauté,186.48,48
2025-02-17,16,49,1,1,Monday,Hiver,Step,Sport,420.68,189
2025-02-17,17,45,9,0,Monday,Hiver,Phone,Alimentation,462.12,196
2025-02-17,18,21,1,0,Monday,Hiver,Hard,Vêtements,331.42,163
2025-02-17,19,0,7,0,Monday,Hiver,What,Alimentation,291.29,128
2025-02-17,20,0,8,0,Monday,Hiver,After,Sport,171.21,120
2025-02-17,21,35,6,0,Monday,Hiver,Have,Électronique,361.97,177
2025-02-17,22,21,0,0,Monday,Hiver,Same,Vêtements,115.09,152
2025-02-17,23,0,5,0,Monday,Hiver,Successful,Beauté,111.55,87
2025-02-17,24,19,7,0,Monday,Hiver,Hold,Beauté,203.14,155
2025-02-17,25,0,3,0,Monday,Hiver,Stay,Vêtements,154.6,105
2025-02-17,26,29,1,0,Monday,Hiver,Young,Beauté,155.97,148
2025-02-17,27,3,4,0,Monday,Hiver,Long,Beauté,249.64,81
2025-02-17,28,67,1,0,Monday,Hiver,Out,Beauté,262.6,176
2025-02-17,29,0,10,0,Monday,Hiver,Political,Alimentation,91.98,62
2025-02-17,30,0,1,0,Monday,Hiver,Federal,Vêtements,416.83,31
2025-02-17,31,0,10,0,Monday,Hiver,Though,Beauté,115.48,79
2025-02-17,32,24,9,0,Monday,Hiver,Eight,Beauté,320.55,121
2025-02-17,33,0,6,0,Monday,Hiver,Different,Électronique,156.47,99
2025-02-17,34,12,1,0,Monday,Hiver,Use,Vêtements,444.89,126
2025-02-17,35,0,0,0,Monday,Hiver,Drug,Alimentation,42.53,21
2025-02-17,36,43,4,0,Monday,Hiver,Bar,Électronique,482.09,166
2025-02-17,37,8,3,0,Monday,Hiver,Though,Beauté,29.62,125
2025-02-17,38,15,8,0,Monday,Hiver,Apply,Alimentation,158.5,170
2025-02-17,39,0,8,0,Monday,Hiver,When,Alimentation,363.57,43
2025-02-17,40,11,3,0,Monday,Hiver,Different,Alimentation,363.73,142
2025-02-17,41,0,7,0,Monday,Hiver,Strategy,Sport,374.24,21
2025-02-17,42,0,1,0,Monday,Hiver,Record,Vêtements,337.17,58
2025-02-17,43,0,9,0,Monday,Hiver,Church,Électronique,340.26,75
2025-02-17,44,0,4,0,Monday,Hiver,All,Vêtements,391.94,115
2025-02-17,45,51,0,0,Monday,Hiver,Stop,Vêtements,415.86,189
2025-02-17,46,63,2,0,Monday,Hiver,Second,Vêtements,177.42,187
2025-02-17,47,0,0,0,Monday,Hiver,Across,Alimentation,466.85,104
2025-02-17,48,11,7,0,Monday,Hiver,Benefit,Sport,220.05,140
2025-02-17,49,0,7,1,Monday,Hiver,Box,Électronique,439.84,49
2025-02-17,50,39,7,0,Monday,Hiver,Difference,Vêtements,464.85,174
2025-02-18,1,0,5,0,Tuesday,Hiver,Economy,Sport,142.77,84
2025-02-18,2,76,6,0,Tuesday,Hiver,Small,Beauté,198.07,197
2025-02-18,3,0,3,0,Tuesday,Hiver,Tonight,Électronique,183.42,64
2025-02-18,4,0,2,0,Tuesday,Hiver,Score,Vêtements,499.85,28
2025-02-18,5,36,9,0,Tuesday,Hiver,Act,Beauté,391.3,159
2025-02-18,6,0,5,0,Tuesday,Hiver,Stage,Vêtements,464.06,103
2025-02-18,7,0,4,0,Tuesday,Hiver,Stage,Vêtements,109.91,74
2025-02-18,8,0,3,0,Tuesday,Hiver,Suggest,Vêtements,121.24,134
2025-02-18,9,0,3,0,Tuesday,Hiver,Son,Beauté,353.88,32
2025-02-18,10,41,5,0,Tuesday,Hiver,Customer,Sport,41.2,167
2025-02-18,11,41,0,1,Tuesday,Hiver,Left,Beauté,448.57,172
2025-02-18,12,0,7,0,Tuesday,Hiver,Fast,Vêtements,334.71,49
2025-02-18,13,0,4,0,Tuesday,Hiver,Two,Vêtements,251.8,112
2025-02-18,14,0,0,0,Tuesday,Hiver,Recognize,Vêtements,363.74,119
2025-02-18,15,0,7,0,Tuesday,Hiver,In,Beauté,186.48,48
2025-02-18,16,41,8,1,Tuesday,Hiver,Step,Sport,420.68,189
2025-02-18,17,39,6,0,Tuesday,Hiver,Phone,Alimentation,462.12,196
2025-02-18,18,21,0,0,Tuesday,Hiver,Hard,Vêtements,331.42,163
2025-02-18,19,0,0,0,Tuesday,Hiver,What,Alimentation,291.29,128
2025-02-18,20,0,6,0,Tuesday,Hiver,After,Sport,171.21,120
2025-02-18,21,27,8,0,Tuesday,Hiver,Have,Électronique,361.97,177
2025-02-18,22,19,2,0,Tuesday,Hiver,Same,Vêtements,115.09,152
2025-02-18,23,0,7,0,Tuesday,Hiver,Successful,Beauté,111.55,87
2025-02-18,24,18,1,0,Tuesday,Hiver,Hold,Beauté,203.14,155
2025-02-18,25,0,6,0,Tuesday,Hiver,Stay,Vêtements,154.6,105
2025-02-18,26,21,8,0,Tuesday,Hiver,Young,Beauté,155.97,148
2025-02-18,27,2,1,0,Tuesday,Hiver,Long,Beauté,249.64,81
2025-02-18,28,65,2,0,Tuesday,Hiver,Out,Beauté,262.6,176
2025-02-18,29,0,7,1,Tuesday,Hiver,Political,Alimentation,91.98,62
2025-02-18,30,0,6,0,Tuesday,Hiver,Federal,Vêtements,416.83,31
2025-02-18,31,0,0,0,Tuesday,Hiver,Though,Beauté,115.48,79
2025-02-18,32,18,6,0,Tuesday,Hiver,Eight,Beauté,320.55,121
2025-02-18,33,0,3,0,Tuesday,Hiver,Different,Électronique,156.47,99
2025-02-18,34,4,8,1,Tuesday,Hiver,Use,Vêtements,444.89,126
2025-02-18,35,0,4,0,Tuesday,Hiver,Drug,Alimentation,42.53,21
2025-02-18,36,33,10,0,Tuesday,Hiver,Bar,Électronique,482.09,166
2025-02-18,37,0,9,0,Tuesday,Hiver,Though,Beauté,29.62,125
2025-02-18,38,12,3,0,Tuesday,Hiver,Apply,Alimentation,158.5,170
2025-02-18,39,0,5,0,Tuesday,Hiver,When,Alimentation,363.57,43
2025-02-18,40,5,6,0,Tuesday,Hiver,Different,Alimentation,363.73,142
2025-02-18,41,0,2,0,Tuesday,Hiver,Strategy,Sport,374.24,21
2025-02-18,42,0,2,0,Tuesday,Hiver,Record,Vêtements,337.17,58
2025-02-18,43,0,5,0,Tuesday,Hiver,Church,Électronique,340.26,75
2025-02-18,44,0,6,0,Tuesday,Hiver,All,Vêtements,391.94,115
2025-02-18,45,45,6,0,Tuesday,Hiver,Stop,Vêtements,415.86,189
2025-02-18,46,54,9,0,Tuesday,Hiver,Second,Vêtements,177.42,187
2025-02-18,47,0,5,0,Tuesday,Hiver,Across,Alimentation,466.85,104
2025-02-18,48,6,5,0,Tuesday,Hiver,Benefit,Sport,220.05,140
2025-02-18,49,0,2,1,Tuesday,Hiver,Box,Électronique,439.84,49
2025-02-18,50,30,9,0,Tuesday,Hiver,Difference,Vêtements,464.85,174
2025-02-19,1,0,8,0,Wednesday,Hiver,Economy,Sport,142.77,84
2025-02-19,2,75,1,0,Wednesday,Hiver,Small,Beauté,198.07,197
2025-02-19,3,0,0,0,Wednesday,Hiver,Tonight,Électronique,183.42,64
2025-02-19,4,0,5,0,Wednesday,Hiver,Score,Vêtements,499.85,28
2025-02-19,5,29,7,0,Wednesday,Hiver,Act,Beauté,391.3,159
2025-02-19,6,0,2,0,Wednesday,Hiver,Stage,Vêtements,464.06,103
2025-02-19,7,0,3,0,Wednesday,Hiver,Stage,Vêtements,109.91,74
2025-02-19,8,0,1,0,Wednesday,Hiver,Suggest,Vêtements,121.24,134
2025-02-19,9,0,10,0,Wednesday,Hiver,Son,Beauté,353.88,32
2025-02-19,10,39,2,0,Wednesday,Hiver,Customer,Sport,41.2,167
2025-02-19,11,41,0,1,Wednesday,Hiver,Left,Beauté,448.57,172
2025-02-19,12,0,5,0,Wednesday,Hiver,Fast,Vêtements,334.71,49
2025-02-19,13,0,8,0,Wednesday,Hiver,Two,Vêtements,251.8,112
2025-02-19,14,0,1,0,Wednesday,Hiver,Recognize,Vêtements,363.74,119
2025-02-19,15,0,6,1,Wednesday,Hiver,In,Beauté,186.48,48
2025-02-19,16,34,7,1,Wednesday,Hiver,Step,Sport,420.68,189
2025-02-19,17,34,5,0,Wednesday,Hiver,Phone,Alimentation,462.12,196
2025-02-19,18,12,9,0,Wednesday,Hiver,Hard,Vêtements,331.42,163
2025-02-19,19,0,9,0,Wednesday,Hiver,What,Alimentation,291.29,128
2025-02-19,20,0,6,0,Wednesday,Hiver,After,Sport,171.21,120
2025-02-19,21,18,9,0,Wednesday,Hiver,Have,Électronique,361.97,177
2025-02-19,22,13,6,0,Wednesday,Hiver,Same,Vêtements,115.09,152
2025-02-19,23,0,8,0,Wednesday,Hiver,Successful,Beauté,111.55,87
2025-02-19,24,16,2,0,Wednesday,Hiver,Hold,Beauté,203.14,155
2025-02-19,25,0,6,0,Wednesday,Hiver,Stay,Vêtements,154.6,105
2025-02-19,26,20,1,0,Wednesday,Hiver,Young,Beauté,155.97,148
2025-02-19,27,0,2,0,Wednesday,Hiver,Long,Beauté,249.64,81
2025-02-19,28,60,5,0,Wednesday,Hiver,Out,Beauté,262.6,176
2025-02-19,29,0,2,0,Wednesday,Hiver,Political,Alimentation,91.98,62
2025-02-19,30,0,9,0,Wednesday,Hiver,Federal,Vêtements,416.83,31
2025-02-19,31,0,6,0,Wednesday,Hiver,Though,Beauté,115.48,79
2025-02-19,32,13,5,0,Wednesday,Hiver,Eight,Beauté,320.55,121
2025-02-19,33,0,10,0,Wednesday,Hiver,Different,Électronique,156.47,99
2025-02-19,34,3,1,0,Wednesday,Hiver,Use,Vêtements,444.89,126
2025-02-19,35,0,4,0,Wednesday,Hiver,Drug,Alimentation,42.53,21
2025-02-19,36,32,1,0,Wednesday,Hiver,Bar,Électronique,482.09,166
2025-02-19,37,0,0,0,Wednesday,Hiver,Though,Beauté,29.62,125
2025-02-19,38,7,5,0,Wednesday,Hiver,Apply,Alimentation,158.5,170
2025-02-19,39,0,1,0,Wednesday,Hiver,When,Alimentation,363.57,43
2025-02-19,40,0,10,1,Wednesday,Hiver,Different,Alimentation,363.73,142
2025-02-19,41,0,8,0,Wednesday,Hiver,Strategy,Sport,374.24,21
2025-02-19,42,0,10,0,Wednesday,Hiver,Record,Vêtements,337.17,58
2025-02-19,43,0,9,0,Wednesday,Hiver,Church,Électronique,340.26,75
2025-02-19,44,0,1,0,Wednesday,Hiver,All,Vêtements,391.94,115
2025-02-19,45,41,4,0,Wednesday,Hiver,Stop,Vêtements,415.86,189
2025-02-19,46,52,2,1,Wednesday,Hiver,Second,Vêtements,177.42,187
2025-02-19,47,0,9,0,Wednesday,Hiver,Across,Alimentation,466.85,104
2025-02-19,48,0,9,0,Wednesday,Hiver,Benefit,Sport,220.05,140
2025-02-19,49,0,10,0,Wednesday,Hiver,Box,Électronique,439.84,49
2025-02-19,50,30,0,1,Wednesday,Hiver,Difference,Vêtements,464.85,174
2025-02-20,1,0,7,0,Thursday,Hiver,Economy,Sport,142.77,84
2025-02-20,2,74,1,0,Thursday,Hiver,Small,Beauté,198.07,197
2025-02-20,3,0,7,0,Thursday,Hiver,Tonight,Électronique,183.42,64
2025-02-20,4,0,0,1,Thursday,Hiver,Score,Vêtements,499.85,28
2025-02-20,5,19,10,1,Thursday,Hiver,Act,Beauté,391.3,159
2025-02-20,6,0,3,0,Thursday,Hiver,Stage,Vêtements,464.06,103
2025-02-20,7,0,10,0,Thursday,Hiver,Stage,Vêtements,109.91,74
2025-02-20,8,0,1,0,Thursday,Hiver,Suggest,Vêtements,121.24,134
2025-02-20,9,0,9,0,Thursday,Hiver,Son,Beauté,353.88,32
2025-02-20,10,29,10,0,Thursday,Hiver,Customer,Sport,41.2,167
2025-02-20,11,40,1,0,Thursday,Hiver,Left,Beauté,448.57,172
2025-02-20,12,0,6,0,Thursday,Hiver,Fast,Vêtements,334.71,49
2025-02-20,13,0,0,0,Thursday,Hiver,Two,Vêtements,251.8,112
2025-02-20,14,0,1,1,Thursday,Hiver,Recognize,Vêtements,363.74,119
2025-02-20,15,0,9,0,Thursday,Hiver,In,Beauté,186.48,48
2025-02-20,16,26,8,0,Thursday,Hiver,Step,Sport,420.68,189
2025-02-20,17,34,0,0,Thursday,Hiver,Phone,Alimentation,462.12,196
2025-02-20,18,2,10,0,Thursday,Hiver,Hard,Vêtements,331.42,163
2025-02-20,19,0,6,0,Thursday,Hiver,What,Alimentation,291.29,128
2025-02-20,20,0,5,0,Thursday,Hiver,After,Sport,171.21,120
2025-02-20,21,11,7,0,Thursday,Hiver,Have,Électronique,361.97,177
2025-02-20,22,12,1,0,Thursday,Hiver,Same,Vêtements,115.09,152
2025-02-20,23,0,8,0,Thursday,Hiver,Successful,Beauté,111.55,87
2025-02-20,24,6,10,0,Thursday,Hiver,Hold,Beauté,203.14,155
2025-02-20,25,0,7,0,Thursday,Hiver,Stay,Vêtements,154.6,105
2025-02-20,26,13,7,0,Thursday,Hiver,Young,Beauté,155.97,148
2025-02-20,27,0,7,0,Thursday,Hiver,Long,Beauté,249.64,81
2025-02-20,28,58,2,0,Thursday,Hiver,Out,Beauté,262.6,176
2025-02-20,29,0,3,0,Thursday,Hiver,Political,Alimentation,91.98,62
2025-02-20,30,0,8,0,Thursday,Hiver,Federal,Vêtements,416.83,31
2025-02-20,31,0,3,0,Thursday,Hiver,Though,Beauté,115.48,79
2025-02-20,32,6,7,0,Thursday,Hiver,Eight,Beauté,320.55,121
2025-02-20,33,0,1,0,Thursday,Hiver,Different,Électronique,156.47,99
2025-02-20,34,0,4,0,Thursday,Hiver,Use,Vêtements,444.89,126
2025-02-20,35,0,1,0,Thursday,Hiver,Drug,Alimentation,42.53,21
2025-02-20,36,22,10,0,Thursday,Hiver,Bar,Électronique,482.09,166
2025-02-20,37,0,7,0,Thursday,Hiver,Though,Beauté,29.62,125
2025-02-20,38,0,8,0,Thursday,Hiver,Apply,Alimentation,158.5,170
2025-02-20,39,0,6,0,Thursday,Hiver,When,Alimentation,363.57,43
2025-02-20,40,0,10,0,Thursday,Hiver,Different,Alimentation,363.73,142
2025-02-20,41,0,3,0,Thursday,Hiver,Strategy,Sport,374.24,21
2025-02-20,42,0,0,0,Thursday,Hiver,Record,Vêtements,337.17,58
2025-02-20,43,0,1,1,Thursday,Hiver,Church,Électronique,340.26,75
2025-02-20,44,0,7,0,Thursday,Hiver,All,Vêtements,391.94,115
2025-02-20,45,36,5,0,Thursday,Hiver,Stop,Vêtements,415.86,189
2025-02-20,46,50,2,0,Thursday,Hiver,Second,Vêtements,177.42,187
2025-02-20,47,0,1,0,Thursday,Hiver,Across,Alimentation,466.85,104
2025-02-20,48,0,2,0,Thursday,Hiver,Benefit,Sport,220.05,140
2025-02-20,49,0,0,0,Thursday,Hiver,Box,Électronique,439.84,49
2025-02-20,50,20,10,0,Thursday,Hiver,Difference,Vêtements,464.85,174
